element_type,element_index,from_bus,to_bus,severity,n_unsupplied,max_loading_percent,kappa_baseline,kappa_learned,betweenness
trafo,0,30,265,475.0,35,12.855899494857177,0.9999999999999989,1.0000000006380265,0.2068004459308807
line,281,227,228,305.0,1,12.856404552501976,0.9999999999999978,1.0000000000103015,0.006666666666666666
line,60,32,35,310.0,2,12.87064167759889,0.9999999999999972,1.0000000000047848,0.013288740245261983
trafo,111,52,259,305.0,1,12.876647905785463,1.0000000000000004,1.0000000000034188,0.006666666666666666
trafo,110,2,248,1000.0,0,,0.9999999999999986,1.0000000000022566,0.006666666666666666
line,264,202,203,315.0,3,12.862397467219777,1.0,1.000000000001693,0.019866220735785953
line,97,59,237,305.0,1,12.85563875140089,0.9999999999999987,1.0000000000009417,0.006666666666666666
trafo,37,168,218,310.0,2,12.856577869808659,1.0000000000000024,1.0000000000008331,0.013288740245261983
trafo,46,209,210,310.0,2,12.852913136563975,0.9999999999999949,1.0000000000004454,0.013288740245261983
line,204,140,142,320.0,4,12.933469844464272,0.9999999999999986,1.0000000000002447,0.02639910813823857
trafo,116,108,262,1000.0,0,,1.0000000000000024,1.0000000000001954,0.006666666666666666
trafo,122,16,251,1000.0,0,,1.0000000000000009,1.0000000000001625,0.006666666666666666
line,207,143,144,310.0,2,12.957371852608556,0.9999999999999968,1.0000000000001503,0.013288740245261983
line,174,112,162,310.0,2,12.875641077663937,0.9999999999999982,1.0000000000001399,0.013288740245261983
trafo,113,144,264,305.0,1,12.95832946846388,1.000000000000005,1.00000000000013,0.006666666666666666
trafo,119,42,256,1795.0,299,0.0,1.0000000000000038,1.0000000000001081,0.006666666666666666
line,205,140,143,315.0,3,12.95904905296885,1.000000000000001,1.0000000000000604,0.019866220735785953
trafo,112,53,260,305.0,1,12.877602023159929,0.9999999999999988,1.000000000000049,0.006666666666666666
trafo,123,32,254,305.0,1,12.867991965160911,0.9999999999999986,1.0000000000000222,0.006666666666666666
line,222,162,163,305.0,1,12.90664407330886,0.999999999999995,1.0000000000000169,0.006666666666666666
trafo,124,48,258,305.0,1,12.861616503307479,1.000000000000001,1.0000000000000135,0.006666666666666666
trafo,104,207,208,305.0,1,12.866899064905343,0.999999999999998,1.0000000000000102,0.006666666666666666
trafo,39,192,191,305.0,1,12.863550270031165,1.0000000000000007,1.0000000000000024,0.006666666666666666
trafo,49,215,219,305.0,1,14.159674163648212,0.9999999999999992,1.0000000000000024,0.006666666666666666
trafo,118,21,252,305.0,1,12.84998376954946,0.9999999999999997,0.9999999999999961,0.006666666666666666
trafo,107,97,242,305.0,1,12.843050338368611,0.9999999999999953,0.9999999999999758,0.006666666666666666
trafo,120,117,263,305.0,1,14.747197238060064,0.9999999999999986,0.9999999999999661,0.006666666666666666
line,93,57,236,305.0,1,12.855343821382172,0.9999999999999996,0.9999999999999591,0.006666666666666666
trafo,41,215,200,305.0,1,12.854659363140462,1.0,0.9999999999999585,0.006666666666666666
trafo,127,58,261,305.0,1,12.859605734728108,0.9999999999999998,0.9999999999999575,0.006666666666666666
line,108,64,68,305.0,1,12.8679842982698,0.9999999999999989,0.9999999999999357,0.006666666666666666
line,234,172,241,305.0,1,12.858188668988884,0.9999999999999987,0.9999999999999337,0.006666666666666666
trafo,105,212,214,305.0,1,15.107567064394036,0.9999999999999987,0.9999999999999304,0.006666666666666666
trafo,43,209,205,305.0,1,12.853014593377537,1.0000000000000024,0.9999999999999146,0.006666666666666666
line,40,22,230,305.0,1,12.863264518966053,1.0000000000000036,0.999999999999912,0.006666666666666666
trafo,108,98,243,305.0,1,12.873985364525325,0.9999999999999973,0.9999999999998982,0.006666666666666666
trafo,114,22,253,305.0,1,12.849174497378133,1.0000000000000022,0.9999999999998457,0.006666666666666666
trafo,47,210,211,305.0,1,12.854287048566293,0.9999999999999997,0.9999999999998432,0.006666666666666666
line,136,84,232,305.0,1,12.855973710128996,1.0,0.999999999999827,0.006666666666666666
trafo,121,11,250,305.0,1,12.870276410436235,0.9999999999999993,0.9999999999998151,0.006666666666666666
trafo,125,37,255,305.0,1,12.85676800827715,0.9999999999999981,0.9999999999997925,0.006666666666666666
line,101,61,239,305.0,1,12.855023652226333,1.0000000000000018,0.9999999999996837,0.006666666666666666
trafo,106,216,217,305.0,1,13.402322033515665,0.9999999999999987,0.9999999999996552,0.006666666666666666
line,43,24,231,305.0,1,12.85610936423646,1.0000000000000064,0.9999999999996222,0.006666666666666666
trafo,6,269,294,305.0,1,12.857211329047075,0.9999999999999993,0.9999999999996179,0.006666666666666666
line,89,54,235,305.0,1,12.851330438083869,1.0000000000000002,0.9999999999995802,0.006666666666666666
line,92,57,58,310.0,2,12.85425126028936,0.9999999999999934,0.9999999999995541,0.013288740245261983
trafo,126,47,257,305.0,1,12.856770385074986,0.9999999999999998,0.9999999999995123,0.006666666666666666
line,139,87,234,305.0,1,12.856001787527468,1.000000000000001,0.9999999999994891,0.006666666666666666
trafo,109,1,247,305.0,1,12.856949507155813,1.0000000000000036,0.9999999999994477,0.006666666666666666
line,10,290,268,320.0,4,12.855827578227737,1.000000000000004,0.9999999999993708,0.02639910813823857
trafo,34,111,149,305.0,1,12.814729894634732,1.0000000000000016,0.9999999999993167,0.006666666666666666
line,0,265,269,335.0,7,12.856609746776579,1.0000000000000004,0.9999999999992853,0.04573021181716833
line,115,70,233,305.0,1,12.855564165579327,1.0000000000000018,0.9999999999991566,0.006666666666666666
trafo,3,269,291,305.0,1,12.855933918172877,1.0000000000000016,0.9999999999990685,0.006666666666666666
line,105,63,238,305.0,1,12.856171205644362,0.9999999999999987,0.9999999999989467,0.006666666666666666
trafo,115,0,246,305.0,1,12.873837980382586,0.999999999999996,0.9999999999988469,0.006666666666666666
line,6,266,273,325.0,5,12.855872271598844,1.000000000000003,0.9999999999987476,0.03288740245261984
line,106,63,240,305.0,1,12.855343373330813,0.9999999999999992,0.999999999998729,0.006666666666666666
trafo,4,269,292,305.0,1,12.855122477374476,1.0000000000000007,0.9999999999981309,0.006666666666666666
line,9,267,290,325.0,5,12.85582757822773,1.0000000000000036,0.9999999999976976,0.03288740245261984
trafo,117,10,249,305.0,1,12.850578934783927,1.0000000000000007,0.9999999999968243,0.006666666666666666
trafo,59,14,16,310.0,2,12.853440206897327,0.9999999999999987,0.9999999999945347,0.013288740245261983
line,272,218,229,305.0,1,12.85657786980867,1.0000000000000047,0.9999999999928544,0.006666666666666666
trafo,5,269,293,310.0,2,12.856007051727067,0.9999999999999899,0.9999999999874084,0.013288740245261983
line,280,226,227,310.0,2,12.855814538780614,1.0000000000000029,0.9999999999856174,0.013288740245261983
trafo,25,293,299,305.0,1,12.855924837063505,0.9999999999999988,0.9999999999784035,0.006666666666666666
trafo,7,269,295,305.0,1,12.856140872533567,0.9999999999999983,0.9999999999743525,0.006666666666666666
line,11,272,298,305.0,1,12.8558914362488,1.0000000000000018,0.9999999999560601,0.006666666666666666
trafo,20,267,282,305.0,1,12.855936353171549,1.0000000000000047,0.9999999998897433,0.006666666666666666
trafo,22,267,284,305.0,1,12.855857823854414,0.9999999999999993,0.9999999998167255,0.006666666666666666
trafo,19,268,289,305.0,1,12.855895519714316,1.0000000000000007,0.9999999998085509,0.006666666666666666
trafo,13,271,297,305.0,1,12.855911297536608,0.9999999999999968,0.9999999996803608,0.006666666666666666
trafo,17,268,287,305.0,1,12.855909376962178,1.000000000000006,0.9999999994768354,0.006666666666666666
trafo,23,267,285,305.0,1,12.855885538069916,0.9999999999999976,0.999999999405835,0.006666666666666666
trafo,8,273,274,305.0,1,12.855921799016715,0.9999999999999989,0.9999999992376862,0.006666666666666666
trafo,12,271,296,305.0,1,12.855910940463792,0.9999999999999956,0.9999999991164148,0.006666666666666666
trafo,24,267,286,305.0,1,12.85586300243417,0.9999999999999962,0.9999999991161822,0.006666666666666666
trafo,9,266,276,305.0,1,12.855923694773425,0.9999999999999971,0.999999998893169,0.006666666666666666
trafo,2,265,272,345.0,9,12.85577292803631,1.0000000000000029,0.9999999988923507,0.058394648829431434
trafo,21,267,283,305.0,1,12.855890055097523,1.000000000000002,0.9999999986519065,0.006666666666666666
line,7,273,275,315.0,3,12.855928093187257,0.9999999999999925,0.9999999985402949,0.019866220735785953
trafo,1,265,270,390.0,18,12.855495474597456,1.0000000000000036,0.9999999985167686,0.1131772575250836
trafo,11,275,278,305.0,1,12.855932634913373,1.0000000000000027,0.9999999984765544,0.006666666666666666
trafo,10,275,277,305.0,1,12.855932633751003,0.9999999999999875,0.9999999980614422,0.006666666666666666
trafo,14,267,279,305.0,1,12.855882821690793,1.0000000000000098,0.9999999968980292,0.006666666666666666
trafo,16,267,281,305.0,1,12.85588121626974,0.9999999999999994,0.9999999966467091,0.006666666666666666
trafo,15,267,280,305.0,1,12.855897215485253,1.0000000000000002,0.9999999964918385,0.006666666666666666
trafo,18,268,288,305.0,1,12.855914169246338,0.9999999999999957,0.9999999952475161,0.006666666666666666
line,271,213,216,0.0,0,12.856048598184339,0.9930711634253409,0.9999909747731974,0.00137123745819398
line,269,209,215,0.0,0,12.855928843284332,0.9896338459971316,0.9999904955675899,0.08483835005574111
line,129,80,87,0.0,0,12.856767579151912,0.9870869150851921,0.9999567062315141,0.01768500871809
line,147,95,96,0.0,0,12.843754951801284,0.9853380507642727,0.999945742151493,0.019450018580453362
line,263,199,201,0.0,0,12.856369201506654,0.9884093690800765,0.9999335362645678,0.008216276477146045
line,188,118,160,0.0,0,12.858633494236704,0.9813287086157347,0.9999330236218691,0.020655359133620002
line,228,168,209,0.0,0,12.85714640521935,0.9811936413553651,0.9999264387225125,0.023942772203641757
line,254,192,220,0.0,0,12.855950050624562,0.9829699598445247,0.9998510089107399,0.04012464829856132
line,259,197,215,0.0,0,12.858467797362971,0.974861258045078,0.9998328718408546,0.12691192865105907
trafo,92,160,117,0.0,0,12.860363654420096,0.9698358214001853,0.9997910915832025,0.01422652227000053
line,88,53,122,0.0,0,12.847586298249848,0.9812094705467891,0.9997371662608973,0.14823240257175072
trafo,87,133,134,1000.0,0,,0.9628730312104472,0.9995596323932416,0.009892793764916526
line,85,50,52,1000.0,0,,0.9676218691545406,0.9994742119741831,0.00754032762728415
line,253,192,193,1000.0,0,,0.9698963343564486,0.9993275523178811,0.05230599352338483
trafo,67,55,54,1000.0,0,,0.944582604536559,0.9993167274455754,0.014973244147157191
trafo,54,3,2,0.0,0,12.90546620104594,0.9495463513565241,0.999017651321347,0.22303902916110288
line,178,115,118,0.0,0,12.844375116578114,0.9691870276091918,0.9989835212382879,0.11543829140663543
line,282,174,245,0.0,0,12.85599687480877,0.9445608718799476,0.9988837579676886,0.004914423740510704
line,144,90,92,0.0,0,12.855919597016156,0.9472099564100611,0.9986914855958491,0.005889710987782992
line,103,63,64,0.0,0,12.856626543749043,0.9406103255819965,0.9986612123683133,0.000906911928651059
line,12,0,4,0.0,0,12.889059873566522,0.9384566691158236,0.9982002611258687,0.003288700832179092
trafo,101,190,189,0.0,0,12.855825319967188,0.927666240596521,0.9977918911058887,0.06714259134131846
line,47,27,35,0.0,0,12.856157600623385,0.9285627061750902,0.9974837216397682,0.007530392313001026
line,262,198,216,0.0,0,12.85598064155257,0.9469832246614138,0.9974383712247175,0.013173541434410997
trafo,84,123,158,1000.0,0,,0.8964077837210526,0.9970015846291344,0.009984737484737485
line,230,170,203,0.0,0,12.855939527581272,0.9316850512343015,0.9968972568690011,0.0066443701226309914
line,158,103,104,1000.0,0,,0.8892104319981534,0.9968377939602184,0.03782608695652173
line,267,206,207,0.0,0,12.855999385657254,0.926839716502779,0.9966834565913583,0.008944630248978113
line,84,49,50,0.0,0,12.855262020118818,0.9392809784062423,0.9961793780431731,0.004528064528064527
line,170,111,115,0.0,0,13.070491730950499,0.9234048374059618,0.9961187155495376,0.11276415943838582
line,195,124,125,0.0,0,12.856686810841419,0.8944095408318516,0.9954630716053492,0.0012832899789421508
line,15,2,6,0.0,0,12.869455983071681,0.8539110066319415,0.9948858249883129,0.020318535731579143
trafo,74,94,102,0.0,0,12.857010577415378,0.9406301026086227,0.9946624791375361,0.01953920475659606
trafo,86,131,161,1000.0,0,,0.9082318982547609,0.9945129404448071,0.009973426970869429
line,64,35,39,0.0,0,12.894687856478168,0.8868510448127982,0.993491571272701,0.23889578182727042
line,13,1,5,0.0,0,12.8640196912326,0.896333383420607,0.9923586605410423,0.0031235069278547534
trafo,98,189,180,1000.0,0,,0.8237670370855669,0.9916030673320533,0.006205871423262727
trafo,72,71,77,0.0,0,12.858773966499276,0.8374397415615062,0.9907243473161493,0.017507272920316418
line,201,135,137,0.0,0,12.86438116187901,0.8695581362199951,0.9904090023271158,0.016031215161649945
line,219,156,158,0.0,0,12.858854300507922,0.853785797096331,0.9898003771537968,0.0036480596697987993
line,87,53,55,1000.0,0,,0.8640357463629721,0.9896093944526091,0.020088071348940913
line,39,21,23,1000.0,0,,0.9193002995199127,0.9895755056330279,0.0065325157933853574
line,20,6,11,0.0,0,12.876682570670708,0.8558296727803208,0.9895058056316806,0.026130710177104183
line,265,202,204,0.0,0,12.85587596724968,0.9278828339523658,0.9894798388374303,0.025183946488294313
trafo,91,142,133,0.0,0,12.862205450664518,0.9354960669933022,0.9894480755268098,0.019685253081672516
line,273,221,222,0.0,0,12.855970943550862,0.894806710580652,0.9893279647780371,0.0018999309868875163
line,32,15,35,0.0,0,12.898964026958298,0.8231436399172037,0.988262700105748,0.1755970263779298
line,208,145,147,0.0,0,12.95269213543213,0.870971292664721,0.9878469187054949,0.006107766629505758
trafo,81,120,153,1000.0,0,,0.8067943622180962,0.9872669228708675,0.026104552452378478
trafo,64,38,37,0.0,0,12.854529171382275,0.7994046520038721,0.982537771832868,0.055000277010673844
trafo,83,121,126,0.0,0,12.85967173754519,0.8150850239654245,0.9817632488406819,0.018838403142750967
trafo,80,119,152,0.0,0,12.856710687993422,0.8282668442895158,0.981549064144885,0.008152362130623021
line,197,131,139,0.0,0,12.856364855905964,0.9057368193018067,0.981248880696828,0.0038010003636602097
line,172,111,147,0.0,0,12.916591142239902,0.7980093711031678,0.9809254132831116,0.014774499536647896
line,250,184,185,0.0,0,12.856115747012616,0.9007709502883553,0.9791266583954109,0.02724950919629267
line,165,107,111,0.0,0,12.868290948756586,0.7810523906246435,0.9787924954624698,0.04198137250252737
line,216,154,155,0.0,0,12.856729787350806,0.8332971736735519,0.978387397292549,0.0014337474120082818
line,217,155,156,0.0,0,12.858801603852477,0.8278887977513192,0.9775286092231021,0.005487099856665074
trafo,88,137,95,0.0,0,12.863515778133067,0.8628543825334926,0.9759140329179876,0.025715347454477885
line,33,17,19,0.0,0,12.854074657669093,0.8101476849279207,0.9745158358176015,0.059188861317893304
line,44,26,31,0.0,0,12.855909925638805,0.7690096853582429,0.9730565722211458,0.0017524021871847982
trafo,61,19,18,0.0,0,12.827582989578273,0.8250339074276523,0.9723188435672548,0.027033984248570585
line,35,18,20,0.0,0,12.856263890265307,0.8637268600371041,0.9717220641855406,0.007870308435525813
line,255,193,194,0.0,0,12.85615639271305,0.8823322980614762,0.9714876042140893,0.010147797592032012
line,37,19,22,0.0,0,12.858236771281572,0.8426674249720163,0.9712064394397564,0.037190635451505076
line,193,123,124,0.0,0,12.853981731756752,0.7700269920076089,0.966898059806863,0.007385258863519706
line,145,93,100,0.0,0,12.854310791785856,0.8804574492053056,0.9657380717255172,0.019427722036417686
line,173,112,113,0.0,0,12.860731503106631,0.8749688993081809,0.964353097590794,0.009048916603903815
trafo,76,135,100,0.0,0,12.854452620629244,0.8057531359873178,0.9641647779161796,0.012920847268673355
line,275,222,224,0.0,0,12.85597094355083,0.8366616824201468,0.9640852660389169,0.004789032223814846
line,152,97,98,1000.0,0,,0.8431764981555085,0.963906816785384,0.0005536975102192493
line,18,3,15,0.0,0,12.90563696141008,0.824613507096507,0.9634129943207865,0.2243051543402715
trafo,66,53,52,0.0,0,12.854264216178255,0.834366209258778,0.9621029399880874,0.019952070473809595
line,167,108,129,0.0,0,12.814969472451438,0.8582416314271808,0.9614212994857002,0.009368519611486362
line,179,115,159,0.0,0,12.861409772486324,0.8225551067101873,0.9610834121458157,0.013184689706428837
line,166,108,110,0.0,0,12.810963848038526,0.8076084378355544,0.9606348248110632,0.053504393399534056
line,21,6,109,0.0,0,12.941568391275768,0.8640259505446525,0.9591201542808104,0.030513552825134762
line,17,2,128,0.0,0,12.979875767664407,0.8617189658740266,0.9590387610143526,0.21367321963098446
trafo,73,92,185,0.0,0,12.855826580591017,0.8244147005603212,0.9582207689365487,0.03099532859428598
line,26,11,19,0.0,0,12.852519574355862,0.7825891148067453,0.957906426151343,0.014892317282219143
line,171,111,146,0.0,0,12.861145214947376,0.7366638964735925,0.9578259872742102,0.030729355314448772
line,163,106,111,0.0,0,12.861308981436656,0.7357941934853556,0.9574334934691462,0.030729355314448772
line,177,114,130,0.0,0,12.874902030727792,0.8991925697273018,0.9573968781680071,0.026044958735495817
line,70,38,51,0.0,0,12.847214090089743,0.8577382387940592,0.9569670242432475,0.15842435715500966
trafo,90,141,115,0.0,0,12.861129143224897,0.8922457446829937,0.9567022088021242,0.05733668377658148
line,227,167,187,0.0,0,12.855925932954337,0.851564693562392,0.955648687911586,0.004387150134641773
line,49,28,62,0.0,0,12.855841869332698,0.7682837369045028,0.9538006788685692,0.002553697510219251
trafo,69,67,72,0.0,0,12.856251650555375,0.7904555713273244,0.9525767520988916,0.023676964497380406
line,231,171,183,0.0,0,12.855943139142207,0.8196404882961547,0.9518901068842638,0.0030791664998826127
line,107,64,65,0.0,0,12.856308034491384,0.7913335763691796,0.9501931600740641,0.01309568933481977
line,181,115,166,0.0,0,12.863334594782728,0.7434297959460571,0.9494602320913474,0.01316239316239316
line,160,105,112,0.0,0,12.884910010755693,0.8565419509535214,0.9479168730561977,0.020007667997437823
line,248,182,183,0.0,0,12.856058051111377,0.8303654730111583,0.945271772709425,0.005833000333000327
line,41,23,24,0.0,0,12.85625630193449,0.8527076379639157,0.9438144897898755,0.0006692679301374954
line,75,41,86,0.0,0,12.856802206221667,0.8170069397510993,0.9419256391484082,0.01953260902590513
line,67,36,45,0.0,0,12.856099687840603,0.8192127139726535,0.9413762054689152,0.006617242660720922
line,74,40,91,0.0,0,12.855375028194956,0.8263102057587325,0.9390439292239612,0.037424092436088935
trafo,70,69,80,0.0,0,12.856674675715796,0.782604652844801,0.937513833712299,0.038397430947598184
trafo,97,56,179,0.0,0,12.85597584150007,0.7982501995938742,0.9352065817111983,0.014980186480186484
trafo,65,39,38,0.0,0,12.857388275303732,0.7188796653908002,0.9341124878916738,0.12369991085233213
trafo,89,138,102,0.0,0,12.85703605990887,0.7924717837635048,0.9305052959929107,0.012991452991452993
line,119,75,78,0.0,0,12.857592532021647,0.7370950116796814,0.9291485113723142,0.015143521421919583
line,236,174,175,0.0,0,12.855919322495502,0.7649876849677197,0.9258210222657622,0.01554704721397622
trafo,71,70,82,0.0,0,12.856498609112146,0.7204931865714077,0.9250186763134806,0.01597697793349967
line,226,167,186,0.0,0,12.855893090592584,0.8057897353429219,0.9230252923186818,0.011443355851382614
trafo,68,61,60,0.0,0,12.855043756638535,0.7389281773369183,0.9215201309650862,0.07195755867095122
line,45,26,33,0.0,0,12.855927609701304,0.7144518459232737,0.9136144929176482,0.002691271134414945
line,51,29,72,0.0,0,12.855833469898734,0.8109922003142891,0.9126025004552695,0.014826777087646648
line,183,118,119,0.0,0,12.857345742106011,0.663871849294404,0.909177376496083,0.012209919709919661
line,203,136,138,0.0,0,12.858958733329,0.7847881601504225,0.9080407292472037,0.019160163507989596
line,206,141,142,0.0,0,12.861500810666879,0.861866868342867,0.9065169204732415,0.05112338017197352
line,190,120,121,0.0,0,12.866852616544936,0.6971430209872133,0.9057952741897101,0.06558929407346624
trafo,75,99,93,0.0,0,12.854290915740174,0.807665602799938,0.903188216079317,0.013140096618357485
trafo,28,105,104,0.0,0,12.852433081955073,0.6672445035593694,0.897817509744735,0.004190128049463089
line,148,96,97,1000.0,0,,0.757426739857439,0.8972225420047152,0.0066220735785953175
line,202,136,137,0.0,0,12.856196882419301,0.7199328732300326,0.8948084651938321,0.016068376068376067
line,82,48,49,0.0,0,12.855599950388207,0.8102586276631413,0.8873017419614865,0.006447037664428973
line,132,81,82,0.0,0,12.856067536919289,0.652812890545512,0.8871566758372667,0.0019643520730477245
line,14,1,7,0.0,0,12.872639420861946,0.7603686514018043,0.8807049859071293,0.010335568665973927
line,133,82,84,0.0,0,12.856401487582092,0.7847618042473168,0.8784612259929586,0.012127257920263597
line,268,206,212,0.0,0,12.855953434247896,0.6774950573038127,0.8777026674382357,0.008260869565217353
line,134,83,85,0.0,0,12.856134185611335,0.6970419318819872,0.8774568625013018,0.006255084262215877
line,200,133,139,0.0,0,12.856178908924273,0.814325828855992,0.8771370174556925,0.0036906384323264103
trafo,103,202,201,0.0,0,12.855947429573098,0.8075687410137146,0.8756585608885608,0.0024117428465254545
trafo,40,197,195,0.0,0,12.855830076884592,0.6387495821918301,0.8755936194572692,0.02530938941335908
trafo,95,173,190,0.0,0,12.855385302075343,0.692863313027418,0.875283581358284,0.10678998406621583
line,113,69,70,0.0,0,12.85700149748159,0.7383204154613361,0.8727055653875226,0.03692065651430198
line,279,225,226,0.0,0,12.855967720551636,0.8220527281371721,0.8707589419945062,0.010639273769708555
trafo,27,35,34,0.0,0,12.856072269373007,0.5945585267903486,0.8699287131715746,0.09339461450172142
line,24,8,10,0.0,0,12.857586126736118,0.7817669073692715,0.8598199582918902,0.00509633125282345
line,34,17,71,0.0,0,12.871032277041031,0.7401195495347681,0.8562878036154147,0.06686094247632726
line,126,79,81,0.0,0,12.855876615771908,0.7029045731611124,0.8503152319303279,0.001382766187114013
line,86,51,53,0.0,0,12.846443988267911,0.7703187087944525,0.8451871015712474,0.15548864552364589
line,78,44,47,0.0,0,12.856027603025908,0.7933758314463193,0.8442769747538665,0.02067142624500484
line,100,61,72,0.0,0,12.856385675791138,0.703582832263636,0.8420820325950378,0.01219339492685429
line,239,175,189,0.0,0,12.855902573840645,0.6692114262272778,0.8396657498871529,0.02119922112701972
trafo,42,209,204,0.0,0,12.855864966837164,0.7840960671713821,0.8392833625835209,0.03150873281308062
trafo,51,220,225,0.0,0,12.85601234568887,0.6611974546522051,0.8383049172360392,0.016088549132027338
line,223,164,166,0.0,0,12.859712123706057,0.6793919878186794,0.8314679034490198,6.688963210702341e-05
line,19,4,8,0.0,0,12.852226177160425,0.7641126448617683,0.8296071034921945,0.006022966614241469
line,116,73,75,0.0,0,12.857476720138852,0.7081412849557179,0.8288042895068334,0.02700661002413856
line,244,177,188,0.0,0,12.855997993694423,0.7066814613812272,0.8269257321629557,0.006399108138238572
line,137,85,86,0.0,0,12.856845468945256,0.6770279368930532,0.8259130926815644,0.0035688582753800077
line,192,121,127,0.0,0,12.855726033701359,0.6812145118674924,0.8210828795616353,0.004269151138716356
trafo,62,22,21,0.0,0,12.856238212107924,0.6735214825357758,0.8200076440122346,0.018127090301003315
line,232,171,186,0.0,0,12.855944654533252,0.7049705720455411,0.8199282036504396,0.0029645116761976864
line,276,223,224,0.0,0,12.855945094958527,0.6236718883560394,0.8178899262302793,0.0046512183468705075
trafo,58,11,9,0.0,0,12.858676323101564,0.6928658729668691,0.8165789615766403,0.006929214150923757
line,1,270,271,0.0,0,12.855965475693147,0.6666266554206284,0.8149930375613417,0.018929765886287624
line,8,271,267,0.0,0,12.85595416058189,0.6667414563583606,0.8149556100219056,0.0009364548494983277
line,68,37,40,0.0,0,12.855690434963416,0.6703470423197028,0.8129562562271504,0.05735717464070293
line,150,244,98,0.0,0,12.85631790771162,0.6414039689583587,0.8045285585270822,0.0002787068004459309
line,256,194,195,0.0,0,12.855951206789642,0.7498555953525019,0.8012882152516135,0.01079949372198897
line,240,176,181,0.0,0,12.856096225244851,0.6846051849624185,0.7988484188537911,0.00046079524340393905
line,123,78,81,0.0,0,12.85601757353471,0.6399099120073943,0.7957148717148911,0.006040487692661602
line,233,172,197,0.0,0,12.857426073267769,0.7452489505071833,0.7950955751459376,0.07547299056750828
line,42,24,25,0.0,0,12.856198984407689,0.7524278824514262,0.7934991075974812,0.013378298030471943
line,104,63,66,0.0,0,12.855948066045835,0.7258613346981022,0.7894581480310146,0.009104315973881207
trafo,60,15,14,0.0,0,12.836703094802271,0.6393952532783842,0.7759881406228398,0.10203982939431139
trafo,50,220,223,0.0,0,12.855987048522335,0.646602729892924,0.7743636915296669,0.018380209162817903
line,235,173,197,0.0,0,12.856875420245503,0.688181450070392,0.7710018689384415,0.09673224045435792
line,114,70,71,0.0,0,12.858654588041777,0.6496656400019377,0.7558620440011042,0.0513975194259476
line,218,156,157,0.0,0,12.855964366196218,0.5611638537171266,0.7405714720686132,0.00020512820512820506
line,121,76,85,0.0,0,12.856530169488279,0.6037079586790508,0.7398846159806886,0.012984420706041794
line,27,12,18,0.0,0,12.857165103485885,0.7432227762073941,0.7332219604810973,0.010541973843516583
line,57,30,74,0.0,0,12.856039942156642,0.6235409758689486,0.7329289409203158,0.013523960097145243
line,25,10,12,0.0,0,12.857817150415185,0.7497058061465494,0.7312791022109096,0.013896524855851689
trafo,82,121,122,0.0,0,12.847581946462824,0.7495598234476024,0.7275847212662585,0.14533332097701696
line,131,80,89,0.0,0,12.856479153191987,0.5515444979279799,0.7232343857867276,0.004612411742846525
line,23,7,13,0.0,0,12.888821002704356,0.7603233251059922,0.7208727244985473,0.03590356758906993
line,191,121,123,0.0,0,12.857799405570494,0.46411477453197464,0.7171660446705248,0.05988268827990361
line,28,13,14,0.0,0,12.865719070431863,0.761315261680828,0.7163096046772718,0.03797980053486813
line,175,113,114,0.0,0,12.883634548128287,0.7340414034514515,0.7123817020880436,0.00819049965853035
line,72,39,67,0.0,0,12.864316742740261,0.6849973180331079,0.7093066940636924,0.24782464862451015
line,140,88,89,0.0,0,12.856041050481604,0.5739757945806285,0.7085486932789291,0.01149331028703448
line,48,28,59,0.0,0,12.855976009283898,0.5602346838189889,0.7054738721769611,0.002869671391410523
line,95,58,60,0.0,0,12.855841618007227,0.6659799811711687,0.6986689009336743,0.03381663746881139
line,111,67,172,0.0,0,12.857392555759256,0.70558253960057,0.6952269737472845,0.08433512360355441
trafo,78,108,128,0.0,0,12.979875767664431,0.6902504835578197,0.6949731180284726,0.2105294069219544
line,55,30,42,0.0,0,12.859121338785615,0.5579831734294916,0.6930833324013729,0.013228031166158257
line,270,212,213,0.0,0,12.855910844474453,0.6438153244388012,0.6886317847003763,0.007086584912671869
line,112,67,173,0.0,0,12.85710139768642,0.6426898634219919,0.6837325026132063,0.16111074815824677
line,50,28,63,0.0,0,12.855970805200123,0.5201449961007608,0.6788016808266797,0.004095556617295747
line,229,169,170,1000.0,0,,0.5990456190436972,0.6693778671380911,2.229654403567447e-05
line,79,45,46,0.0,0,12.8558997206771,0.6620384612223457,0.6653648590611573,0.0036428836863619464
line,156,101,102,0.0,0,12.857596944774311,0.6248597520240343,0.6545085182490673,0.013073206986250462
line,54,30,34,0.0,0,12.85592723525495,0.4751522065105921,0.6527586750271448,0.0756931042567328
line,80,46,47,0.0,0,12.855648573789926,0.6861526481312621,0.6470475918682397,0.01600413057770917
line,241,176,188,0.0,0,12.856015742881551,0.5910298313247434,0.6441957498278524,0.03236400419845234
line,77,43,44,0.0,0,12.85704551274044,0.7185512627691056,0.6328975164553755,0.022371272292676977
line,91,56,65,0.0,0,12.855904943662011,0.5898324140531119,0.6193876906126847,0.014734444299661654
trafo,48,215,212,0.0,0,12.855913450623719,0.5289570491583081,0.6141035741897206,0.02604979561501287
line,261,198,199,0.0,0,12.855935181427414,0.7023882943004107,0.6025671762395999,0.014221479004087692
line,247,181,189,0.0,0,12.855984894566408,0.5902278746662006,0.5994285262770107,0.006205871423262727
line,199,132,161,0.0,0,12.856884605691265,0.6137507638726237,0.5989799213926158,0.003544590107249955
trafo,31,135,104,0.0,0,12.852144621352796,0.5487308253029428,0.5761921707370815,0.03464511334076552
line,76,42,43,0.0,0,12.857728697424415,0.5898197155171857,0.5680668755306538,0.007851591181022619
line,125,78,83,0.0,0,12.855754799423124,0.6404324410929495,0.5634994775048706,0.007226948147123239
line,63,34,43,0.0,0,12.855829553268801,0.5539202527046672,0.5609295089911281,0.019708744370951728
trafo,63,29,28,0.0,0,12.855776613519087,0.6303565581985477,0.5563412376332225,0.010150448585231179
trafo,85,129,148,0.0,0,12.812709757976737,0.6413300629121568,0.5544963956049843,0.0030511654680452634
line,221,159,165,0.0,0,12.863280349512085,0.6206660187389871,0.5532937141636128,0.0033296172426607205
trafo,102,197,196,0.0,0,12.855827404377568,0.49419984767105496,0.5498267441227661,0.02007012626105253
line,243,177,178,0.0,0,12.855937841592032,0.605316698997151,0.5339259340277167,0.00026755852842809364
line,238,175,176,0.0,0,12.856104791660627,0.48012339795402226,0.5253671248550094,0.0003232998885172797
trafo,79,110,148,0.0,0,12.81942629569146,0.6319643334117949,0.5220572584616958,0.00392022063377562
trafo,56,6,5,0.0,0,12.853788583466837,0.50695145773216,0.521059388328805,0.003840446992620906
line,224,165,166,0.0,0,12.859219124411942,0.617387572240036,0.5178864354266052,0.003351913786696395
line,245,178,188,0.0,0,12.855949857862317,0.5635052760623182,0.5133449646013832,0.024483304135478046
line,65,36,37,0.0,0,12.856108586213363,0.5325432101970108,0.5118824609134478,0.06168168402206835
line,210,150,152,0.0,0,12.856254488713356,0.545268850569243,0.5077879526544863,0.0014123268036311514
line,237,174,188,0.0,0,12.855945912081939,0.5842324974421386,0.5045927801917334,0.0017350427350427352
line,220,159,116,0.0,0,12.856945797944325,0.5478802129739775,0.5030813870305197,0.003329617242660721
line,225,166,116,0.0,0,12.85777185856906,0.5478802129739775,0.5030813870305197,0.0033519137866963953
line,4,272,266,0.0,0,12.855939773836297,0.49999999999999944,0.4999999999476744,0.04573021181716833
line,5,272,266,0.0,0,12.855939773836297,0.49999999999999944,0.4999999999476744,0.04573021181716833
line,69,37,46,0.0,0,12.855970374868752,0.5674626690399361,0.49381703602085764,0.021538504416430845
trafo,32,136,104,0.0,0,12.853974907746831,0.5568924329879675,0.49034734525511836,0.040981047937569674
line,196,130,131,0.0,0,12.856081309452904,0.7525703287594001,0.48897840535286696,0.019757333317435625
trafo,55,6,4,0.0,0,12.841898656673955,0.47516719198406177,0.48796882170485145,0.0085298807950687
line,182,117,150,0.0,0,12.85589164232441,0.5501774332682822,0.4860643147266396,0.001695864521951478
line,117,74,76,0.0,0,12.857201794294614,0.600485483532172,0.4781205295985479,0.01890686058500348
line,184,118,120,0.0,0,12.85652865739281,0.518344569433045,0.4509315329371642,0.056199823640517524
line,212,151,153,0.0,0,12.85642967783949,0.45892191041610075,0.4482184571686571,0.010340550753594208
line,128,80,86,0.0,0,12.855719627928904,0.5719279100903337,0.44818553707534037,0.016119083340640297
line,246,179,182,0.0,0,12.855921551753605,0.6723225421509882,0.44705021949556684,0.009578689426515513
line,99,60,65,0.0,0,12.856189437896473,0.5525544951121231,0.4428392110966141,0.07431605929247712
line,58,31,34,0.0,0,12.856065460409177,0.40002426089340226,0.43666612200246285,0.004340709705258199
line,71,38,61,0.0,0,12.856822605955873,0.5823469085279384,0.43058353650209163,0.07471569530432416
line,161,105,146,0.0,0,12.860871393937376,0.45597689233565303,0.41142122745981297,0.011873838721664807
line,159,105,106,0.0,0,12.86090144001664,0.45575732124605367,0.4114015189402834,0.011873838721664807
line,198,132,134,0.0,0,12.856006562363104,0.6029312873710128,0.41067234987427403,0.0034342281759161546
line,142,88,92,0.0,0,12.856005056879166,0.48092068555946393,0.3972768718550159,0.03292055629100683
line,278,224,225,0.0,0,12.855937483370175,0.5357808189230776,0.39694084085622733,0.006737590911503984
trafo,100,176,187,0.0,0,12.855936665422282,0.5266337478613241,0.3952052145162739,0.009167529175890409
line,61,33,41,0.0,0,12.855641972407225,0.4918541918569645,0.39227877909666936,0.012638874336002031
trafo,77,108,109,0.0,0,12.941368951785325,0.6083947375686058,0.389694836134396,0.027665965629721467
line,94,58,59,0.0,0,12.856023921379448,0.551897758280652,0.37330063348786097,0.009022880501141372
line,141,88,91,0.0,0,12.856016030726014,0.596706396581366,0.37220363412428376,0.03514018310870131
line,52,30,31,0.0,0,12.856369448927962,0.39257416276590223,0.37047961891037223,0.04849575843127879
line,211,151,152,0.0,0,12.856075290149386,0.44016521718123414,0.3625473938872499,0.0023370470109600567
trafo,99,245,182,0.0,0,12.855994200913539,0.4771795047834174,0.35436106801842115,0.0026433614694484292
line,143,89,90,0.0,0,12.856142572096472,0.4904645453915889,0.3445582678555406,0.008992646699414374
line,252,190,193,0.0,0,12.855892615081776,0.600979649083161,0.3432858686216396,0.057067689294532126
line,59,31,36,0.0,0,12.856652883374203,0.5181236773357827,0.33935791073521243,0.05097640549386556
line,157,101,103,0.0,0,12.856214918118356,0.5099819965425868,0.3349237363974682,0.019007803790412486
line,266,203,169,1000.0,0,,0.4692693297219959,0.3337248759925476,0.0066443701226309914
line,22,7,10,0.0,0,12.856282000689804,0.5629892634464766,0.3305478087758725,0.028599490876267893
line,81,47,48,0.0,0,12.854481752463586,0.6679334103632469,0.32792349833928996,0.025571155092894225
line,176,114,115,0.0,0,12.856934148255386,0.5508264208995578,0.32319385384261196,0.03754973964181126
line,110,66,189,0.0,0,12.856006073949672,0.5819963336254103,0.318228767799111,0.012406593406593445
trafo,96,178,226,0.0,0,12.855949183962354,0.6123871758708332,0.3169841595919175,0.018689918776875293
line,98,60,62,0.0,0,12.856117470330188,0.4806900711040254,0.3114288339177683,0.021528773159207915
line,260,198,196,0.0,0,12.855911722238607,0.4479552421070288,0.3085813788908731,0.014161542091598806
line,36,18,25,0.0,0,12.855729109862965,0.6161495061905333,0.30797609013825294,0.019866592344853214
line,46,26,34,0.0,0,12.856047255418446,0.3489852899539411,0.2935820505388877,0.0035807970674191295
line,258,195,198,0.0,0,12.85594679875753,0.4522028639288194,0.2895165636367759,0.01834681911241457
line,257,195,196,0.0,0,12.855939390827494,0.4036887194593873,0.28875908851598214,0.0003121516164994426
line,153,97,99,1000.0,0,,0.5966318647222133,0.2737625768816109,0.006685247120029729
line,194,123,127,0.0,0,12.856800913791291,0.4715353776048868,0.27048423603335386,0.0023975155279503104
line,251,184,186,0.0,0,12.855901017657736,0.47766161323397316,0.2704658345449143,0.015470378409489158
line,96,59,63,0.0,0,12.85600206795797,0.4138290535081918,0.26795672486827987,0.00264479481870786
line,164,107,108,0.0,0,12.878536354086107,0.3589509952356293,0.26678085187000466,0.0786817893538395
line,120,76,83,0.0,0,12.855903437677426,0.4385232394238276,0.2589689284252067,0.003033232468015076
line,135,84,87,0.0,0,12.856263905471629,0.5735673103962698,0.2516980856678667,0.009580745831218419
line,162,106,108,0.0,0,12.881066061596691,0.3460600164821526,0.24821841751219045,0.04435718883358663
line,102,62,63,0.0,0,12.855916839720546,0.40107757630498864,0.244802643213518,0.014129293411902066
line,168,108,145,0.0,0,12.854551712273235,0.42455652638782543,0.2400641141046332,0.009348197696023785
line,169,108,146,0.0,0,12.880403422713515,0.3420992908665205,0.23889922692132148,0.04435718883358663
trafo,53,2,1,0.0,0,12.853293288673154,0.3667807391002204,0.23535306078676463,0.017199161594784237
trafo,57,9,10,0.0,0,12.855423931648613,0.4842464659254955,0.23001124741398146,0.006003535964376013
line,90,56,189,0.0,0,12.855998101811764,0.39492800290007246,0.2243560435187963,0.006567555632773023
trafo,52,2,0,0.0,0,12.848503282881515,0.39454669076106896,0.22156410536366405,0.015863951668299486
trafo,94,174,171,0.0,0,12.855902906252734,0.37064873046186103,0.2190945172955936,0.007320153334908402
trafo,93,188,167,0.0,0,12.85591843180078,0.38548578715623205,0.2189607574119059,0.01022061618549916
line,53,30,33,0.0,0,12.856058453547451,0.44581215519659134,0.2169889845272489,0.013721346366634588
line,124,78,82,0.0,0,12.85608028736586,0.39103456640129464,0.2163928320235973,0.008703322757197998
line,38,20,21,0.0,0,12.857110997216544,0.5423737429279847,0.20481330371086975,0.0015157933853586034
line,215,153,157,0.0,0,12.855928613261069,0.4172712899735147,0.19822343766501696,0.0026453787758135582
line,146,94,98,0.0,0,12.857010978509923,0.581056751050162,0.19804396840405916,0.013251579338535859
line,73,40,60,0.0,0,12.856196143743306,0.4915215912874329,0.19732230795889033,0.06078205322938832
line,149,96,244,0.0,0,12.85631790771163,0.40221061960788945,0.1958423537493866,0.00661092530657748
line,249,183,184,0.0,0,12.855950473472696,0.4382508343818844,0.19282497255812966,0.008828183183681886
line,2,270,267,0.0,0,12.85595932681754,0.33331594411050713,0.18502567606953152,0.08833890746934224
line,3,270,267,0.0,0,12.85595932681754,0.33331594411050713,0.18502567606953152,0.08833890746934224
line,127,79,82,0.0,0,12.855959279698546,0.42967983831735745,0.1836849665742895,0.005283900479552655
line,180,115,164,0.0,0,12.862135672599411,0.42080909259811256,0.1806455286472613,0.006599777034559643
trafo,26,27,26,0.0,0,12.855965797155708,0.37684699078889183,0.1720215082299009,0.003668630886022185
line,30,14,73,0.0,0,12.856741761287719,0.40520949903136394,0.16885341120626826,0.008743359995558286
line,209,150,151,0.0,0,12.855881317665007,0.3474540831433192,0.16798362760895555,0.004331422200987417
line,130,80,88,0.0,0,12.856393685199198,0.33041621317598885,0.16375072111017433,0.04131393282573258
line,56,30,73,0.0,0,12.85608008359264,0.3899967681988782,0.1574786907557712,0.02362626548602817
line,189,119,124,0.0,0,12.856441304858063,0.3804801300006051,0.1499433022771447,0.0022969574708705262
trafo,45,168,207,0.0,0,12.855940158996754,0.3878154133995939,0.1451637710777204,0.004633965068747696
trafo,35,126,156,0.0,0,12.856884305842112,0.40950853724871955,0.1273237976271019,0.00831692944736423
line,213,151,154,0.0,0,12.857062943621617,0.37454011149564004,0.12024938085921735,0.0003612040133779264
line,274,221,223,0.0,0,12.855949563413963,0.4372375674871518,0.11078793901591638,0.008499708021447182
trafo,29,107,104,0.0,0,12.855540746953608,0.31762948504378835,0.11019488695862138,0.05747275297403167
line,242,176,189,0.0,0,12.855997078428228,0.27687144003225367,0.10490361629981808,0.04590537209600749
trafo,33,147,104,0.0,0,12.85504984266388,0.31658883215429506,0.09872080101844831,0.012911251673400027
line,66,36,41,0.0,0,12.85614056269263,0.3557807340428651,0.0943780992958521,0.01505278337069089
trafo,36,126,157,0.0,0,12.856435789393123,0.31130142642674485,0.09186979954186608,0.004285873546743112
line,118,75,77,0.0,0,12.857133755528894,0.39953224711696117,0.08722804149769901,0.01089817911557041
line,138,85,89,0.0,0,12.85619678608898,0.33856810175417595,0.08467136873461543,0.014942292921045664
line,277,223,225,0.0,0,12.855938247100646,0.2827552700707285,0.08367738955592183,0.0012813080639167596
line,154,100,101,0.0,0,12.856878738673188,0.32554918809693295,0.08109693952966172,0.0003976217019695281
line,62,34,42,0.0,0,12.85663974538581,0.25090372075417816,0.06308733347253323,0.0067528799702712755
trafo,30,110,104,0.0,0,12.862072518830406,0.272643583860415,0.057285757220990496,0.047108506535616546
line,214,153,154,0.0,0,12.856611309894072,0.3659679182102865,0.05163182816365086,0.0075682698943568515
trafo,44,209,206,0.0,0,12.855934942234656,0.238699594474845,0.050848533050687664,0.00822742474916384
line,186,118,124,0.0,0,12.857190338596048,0.21204502735183958,0.0476497708600409,0.0025420714551149335
line,31,14,74,0.0,0,12.856468980065728,0.2738991043798985,0.04566463551189145,0.010591585522630209
line,16,2,17,0.0,0,12.856406796113228,0.3399566826626092,0.04015429260646934,0.09373393608704839
line,187,118,125,0.0,0,12.857458701399146,0.26630961056724606,0.03657471636431385,0.005383376687724528
line,185,118,123,0.0,0,12.856617217933152,0.1790649356331408,0.030160916187446887,0.05503278536478356
line,83,48,54,0.0,0,12.856398192639162,0.34279846918075274,0.019115785426347155,0.01343106651802304
line,29,14,30,0.0,0,12.85674942411024,0.20384382686728125,0.010963181206709487,0.09064552838465892
line,122,77,78,0.0,0,12.85651703279442,0.21097324300272113,0.010590034964929945,0.007607235759409669
trafo,38,176,180,0.0,0,12.855945381062375,0.2122861695615102,0.008933800946056494,0.00046079524340393905
line,109,65,189,0.0,0,12.855972441872787,0.1535801675565055,0.004442711680150921,0.0493625514476646
line,155,100,103,0.0,0,12.856853202846738,0.14381937433280131,0.002948801302256721,0.012761055369751022
line,151,96,99,0.0,0,12.856242891537503,0.12959987910012102,0.0024610655039292682,0.00028613898179115566
