betweenness,r_eff_raw,g,beta,log1p_g,log1p_beta,deg_from,deg_to,deg_min,deg_max,wdeg_from,wdeg_to,wdeg_min,is_bridge
0.04573021181716833,0.0036639080459770074,62.74312962730583,272.9326138787803,4.154861407678807,5.612882141392183,4.0,6.0,4.0,6.0,2756.0640706563418,351.7889985358711,351.7889985358711,1.0
0.018929765886287624,0.17280078014690303,0.8693844226458404,3.8582648738723098,0.625609190922085,1.5806813523279597,4.0,4.0,4.0,4.0,11.864955529637294,10.382406504562141,10.382406504562141,0.0
0.08833890746934224,0.1728022828599296,0.4347628613072356,1.9290988913481335,0.3609995821112944,1.0746948301121533,4.0,12.0,4.0,12.0,11.864955529637294,27.220242538412833,11.864955529637294,0.0
0.08833890746934224,0.1728022828599296,0.4347628613072356,1.9290988913481335,0.3609995821112944,1.0746948301121533,4.0,12.0,4.0,12.0,11.864955529637294,27.220242538412833,11.864955529637294,0.0
0.04573021181716833,0.22314058587072227,0.3945598816523277,2.240739836946032,0.33257886847025153,1.1758016484739764,4.0,4.0,4.0,4.0,8.075425701996906,21.472709431170518,8.075425701996906,0.0
0.04573021181716833,0.22314058587072227,0.3945598816523277,2.240739836946032,0.33257886847025153,1.1758016484739764,4.0,4.0,4.0,4.0,8.075425701996906,21.472709431170518,8.075425701996906,0.0
0.03288740245261984,0.11130312553373245,6.866869281509107,8.984473663292922,2.0626601791558103,2.301031252738596,4.0,3.0,3.0,4.0,21.472709431170518,17.218242187305233,17.218242187305233,1.0
0.019866220735785953,2.2384978362267405,0.5189432165095046,0.4467281512702618,0.41801484076184753,0.3693045594191282,3.0,3.0,3.0,3.0,17.218242187305233,1.568246958109946,1.568246958109946,1.0
0.0009364548494983277,0.17283389016854633,0.8724912569339833,3.856786620704953,0.6272697672042024,1.5803770300750946,4.0,12.0,4.0,12.0,10.382406504562141,27.220242538412833,10.382406504562141,0.0
0.03288740245261984,0.14921723551637278,7.784113714823412,6.701638698367892,2.1729448303599983,2.0414331241869625,12.0,2.0,2.0,12.0,27.220242538412833,43.653824865885326,27.220242538412833,1.0
0.02639910813823857,0.0796802349689012,16.61790865874569,12.550163793948338,2.8689159221325413,2.6063986353669177,2.0,4.0,2.0,4.0,43.653824865885326,30.474071085619123,30.474071085619123,1.0
0.006666666666666666,1.0463696029726572,0.2272739115758577,0.9556852541961042,0.2047953776332835,0.6707406456770649,4.0,1.0,1.0,4.0,8.075425701996906,1.1829591657719618,1.1829591657719618,1.0
0.0032887008321790916,0.005735615872187058,27.027027027027028,162.16216216216216,3.3331692955853027,5.094744566152202,3.0,3.0,3.0,3.0,259.62323542968704,254.73899476179977,254.73899476179977,0.0
0.0031235069278547525,0.00810412192081808,12.19512195121951,109.7560975609756,2.5798472121421736,4.707330464393643,4.0,2.0,2.0,4.0,257.1619780491089,147.59224515322074,147.59224515322074,0.0
0.010335568665973927,0.02115597471143779,7.843137254901961,35.294117647058826,2.1796417067783525,3.591655679849172,4.0,3.0,3.0,4.0,257.1619780491089,91.13616675391464,91.13616675391464,0.0
0.02031853573157914,0.0025791773715047456,0.0,333.3333333333333,0.0,5.812138499293826,7.0,5.0,5.0,7.0,842.6300813592259,666.5666041275797,666.5666041275797,0.0
0.09373393608704839,0.023912341313409385,1.658031088082902,14.300518134715029,0.9775856562658841,2.7278866928390375,7.0,3.0,3.0,7.0,842.6300813592259,91.09156497676426,91.09156497676426,0.0
0.21367321963098446,0.006058631315124706,20.000000000000004,140.00000000000003,3.044522437723423,4.948759890378168,7.0,2.0,2.0,7.0,842.6300813592259,231.42857142857144,231.42857142857144,0.0
0.2243051543402715,0.015979329591455746,5.479452054794521,52.05479452054794,1.8686359473435419,3.971325238366361,2.0,3.0,2.0,3.0,257.5342465753425,133.70419382135756,133.70419382135756,0.0
0.006022966614241469,0.022706343462233852,6.84150513112885,33.067274800456104,2.059430796947653,3.5283372402275663,3.0,2.0,2.0,3.0,254.73899476179977,83.04603483354575,83.04603483354575,0.0
0.026130710177104183,0.007803234899068784,12.19512195121951,109.7560975609756,2.5798472121421736,4.707330464393643,5.0,4.0,4.0,5.0,666.5666041275797,247.10623395204107,247.10623395204107,0.0
0.030513552825134762,0.006075274351313435,20.000000000000004,140.00000000000003,3.044522437723423,4.948759890378168,5.0,2.0,2.0,5.0,666.5666041275797,215.5555555555556,215.5555555555556,0.0
0.028599490876267893,0.033991428696722274,3.5047516344274454,16.040978634494845,1.5051327584478398,2.8356209513538486,3.0,5.0,3.0,5.0,91.13616675391464,160.3472498184629,91.13616675391464,0.0
0.03590356758906993,0.034084972740172886,6.725297465080185,21.72788411795137,2.0445003288489376,3.123592545891906,3.0,2.0,2.0,3.0,91.13616675391464,57.02461015446013,57.02461015446013,0.0
0.00509633125282345,0.021719131034919487,7.843137254901961,35.294117647058826,2.1796417067783525,3.591655679849172,2.0,5.0,2.0,5.0,83.04603483354575,160.3472498184629,83.04603483354575,0.0
0.013896524855851689,0.026252825343362915,6.557377049180327,27.86885245901639,2.0225241788233372,3.362763244322895,5.0,2.0,2.0,5.0,160.3472498184629,67.9832764880625,67.9832764880625,0.0
0.014892317282219143,0.011933456481543557,8.733624454148472,65.50218340611355,2.2755863298316292,4.1972347802974515,4.0,4.0,4.0,4.0,247.10623395204107,239.06319723605728,239.06319723605728,0.0
0.010541973843516583,0.025866234775891284,5.033557046979865,28.523489932885905,1.797336728526161,3.3851862154032606,2.0,4.0,2.0,4.0,67.9832764880625,147.89599754865526,67.9832764880625,0.0
0.03797980053486813,0.03439197901523225,7.142857142857142,21.42857142857143,2.097141118779237,3.1103356562929947,2.0,6.0,2.0,6.0,57.02461015446013,106.03153974135226,57.02461015446013,0.0
0.09064552838465892,0.050626089641856054,0.9889090051575408,3.7730682042933865,0.687586249784361,1.5629893275284914,6.0,8.0,6.0,8.0,106.03153974135226,2525.5913312212024,106.03153974135226,0.0
0.008743359995558286,0.11199706749704466,1.3884019353481525,3.478016969356988,0.8706244960019415,1.4991803076640207,6.0,3.0,3.0,6.0,106.03153974135226,19.758655005211942,19.758655005211942,0.0
0.010591585522630209,0.10634390593910023,0.680923502500266,2.5747419938291305,0.5193433462525476,1.2738930039833378,6.0,3.0,3.0,6.0,106.03153974135226,19.325628982823858,19.325628982823858,0.0
0.1755970263779298,0.018486696804473377,4.098360655737705,45.08196721311475,1.6289190480059228,3.8304217067332207,3.0,5.0,3.0,5.0,133.70419382135756,471.5341118823487,133.70419382135756,0.0
0.059188861317893304,0.014815786964514438,6.097560975609755,54.8780487804878,1.9597512004671847,4.023171615749187,3.0,4.0,3.0,4.0,91.09156497676426,239.06319723605728,91.09156497676426,0.0
0.06686094247632726,0.061672940081936044,1.978992236261227,12.178413761607551,1.0915850675717327,2.5785801699048974,3.0,3.0,3.0,3.0,91.09156497676426,47.83785338932147,47.83785338932147,0.0
0.007870308435525813,0.034523976325828445,11.895910780669144,24.53531598513011,2.5569102673679107,3.2400624346120424,4.0,2.0,2.0,4.0,147.89599754865526,47.27981245631506,47.27981245631506,0.0
0.019866592344853214,0.13078954428466943,1.75318240719567,4.725969967223112,1.0127574815738392,1.7450119616784296,4.0,2.0,2.0,4.0,147.89599754865526,16.524814474875406,16.524814474875406,0.0
0.037190635451505076,0.029525522473421995,3.41296928327645,29.01023890784983,1.4845477697547902,3.4015386203619347,4.0,4.0,4.0,4.0,239.06319723605728,98.69993122346177,98.69993122346177,0.0
0.0015157933853586034,0.06660521475535801,3.46089850249584,7.387687188019966,1.4953502037007516,2.1267648195474234,2.0,4.0,2.0,4.0,47.27981245631506,100.77012498728612,47.27981245631506,0.0
0.0065325157933853574,0.044053577017504925,10.095642933049946,20.722635494155156,2.4065525027047308,3.0783548272145977,4.0,2.0,2.0,4.0,100.77012498728612,47.70323976537774,47.70323976537774,0.0
0.006666666666666666,0.06872058823529409,1.497967044725016,14.551679863043011,0.9154772189522371,2.7441686625681325,4.0,1.0,1.0,4.0,98.69993122346177,16.04964690776803,16.04964690776803,1.0
0.0006692679301374954,0.0748760385166081,5.680921571721636,11.204039766451002,1.8992559378715392,2.5017670253259254,2.0,3.0,2.0,3.0,47.70323976537774,36.15778222043095,36.15778222043095,0.0
0.013378298030471943,0.10306225739250355,2.739726027397261,7.305936073059361,1.3190123540365688,2.1169704487016214,3.0,2.0,2.0,3.0,36.15778222043095,16.524814474875406,16.524814474875406,0.0
0.006666666666666666,0.14422307692307818,2.2934556509680517,6.933703130833644,1.1919373633841595,2.071119904053252,3.0,1.0,1.0,3.0,36.15778222043095,9.227158781801695,9.227158781801695,1.0
0.0017524021871847982,0.009591664511617866,16.638935108153078,79.86688851913478,2.87010868073789,4.3928044512733795,4.0,4.0,4.0,4.0,178.63113892609312,165.95405307721592,165.95405307721592,0.0
0.002691271134414945,0.02195983434450644,6.84150513112885,33.067274800456104,2.059430796947653,3.5283372402275663,4.0,3.0,3.0,4.0,178.63113892609312,66.06554118625934,66.06554118625934,0.0
0.0035807970674191295,0.015534205651320854,3.68809272918862,22.655426765015807,1.545025832196114,3.1635925501385405,4.0,6.0,4.0,6.0,178.63113892609312,144.9796890721272,144.9796890721272,0.0
0.007530392313001026,0.007502038011638207,15.384615384615389,123.0769230769231,2.7963428082478887,4.820901720663672,2.0,5.0,2.0,5.0,154.33455433455435,471.5341118823487,154.33455433455435,0.0
0.002869671391410523,0.035569737372872404,3.2051282051282053,16.025641025641026,1.436304781694552,2.8347205033467873,4.0,4.0,4.0,4.0,168.15953251548453,47.34890009841366,47.34890009841366,0.0
0.002553697510219251,0.012478400890944055,25.86206896551725,60.3448275862069,3.2907152158842745,4.116510857679361,4.0,3.0,3.0,4.0,168.15953251548453,135.37361149678333,135.37361149678333,0.0
0.004095556617295747,0.01660994713059115,10.626992561105208,30.8182784272051,2.45332933989141,3.460040917964068,4.0,7.0,4.0,7.0,168.15953251548453,298.59778332283764,168.15953251548453,0.0
0.014826777087646648,0.022224236598118702,5.369127516778525,36.24161073825504,1.851462492664469,3.6174267043804424,2.0,3.0,2.0,3.0,62.887333999714414,133.22147651006713,62.887333999714414,0.0
0.04849575843127879,0.019791149127175466,3.5195776506819185,20.67751869775627,1.5084185493637206,3.076275718810902,8.0,4.0,4.0,8.0,2525.5913312212024,165.95405307721592,165.95405307721592,0.0
0.013721346366634588,0.030037584638848418,4.80349344978166,13.973799126637555,1.758460055159006,2.706301948908681,8.0,3.0,3.0,8.0,2525.5913312212024,66.06554118625934,66.06554118625934,0.0
0.0756931042567328,0.017915049570865746,7.163323782234955,25.78796561604584,2.099651412295481,3.2879527424888884,8.0,6.0,6.0,8.0,2525.5913312212024,144.9796890721272,144.9796890721272,0.0
0.013228031166158257,0.04902913812188937,2.4817518248175188,11.824817518248176,1.2475355650602165,2.5513821623589723,8.0,4.0,4.0,8.0,2525.5913312212024,113.99973765767939,113.99973765767939,0.0
0.02362626548602817,0.11118454062719603,1.361452215696743,3.390282968499733,0.8592767754242382,1.479393682526807,8.0,3.0,3.0,8.0,2525.5913312212024,19.758655005211942,19.758655005211942,0.0
0.013523960097145243,0.08629708063758885,2.5629839677173085,6.925509870214855,1.2705983869552282,2.0700866546294407,8.0,3.0,3.0,8.0,2525.5913312212024,19.325628982823858,19.325628982823858,0.0
0.004340709705258199,0.015226891832548752,5.582693649685974,25.81995812979763,1.8844440308216814,3.2891463166963715,4.0,6.0,4.0,6.0,165.95405307721592,144.9796890721272,144.9796890721272,0.0
0.05097640549386556,0.04857426576292624,3.723961363900849,10.124519958105434,1.5526477196185309,2.409151677288104,4.0,4.0,4.0,4.0,165.95405307721592,65.93769001277221,65.93769001277221,0.0
0.013288740245261983,0.006456250000000004,14.520813165537268,154.88867376573089,2.7421819080691985,5.049142122787797,2.0,5.0,2.0,5.0,201.06507414241094,471.5341118823487,201.06507414241094,1.0
0.012638874336002031,0.08222764862962664,1.065923253525746,6.313545424729419,0.7255772226336741,1.9897281664051483,3.0,3.0,3.0,3.0,66.06554118625934,31.44333949258153,31.44333949258153,0.0
0.0067528799702712755,0.050955425888527216,1.5968161941728494,4.6921829705694496,0.9542861539620908,1.7390938249269556,6.0,4.0,4.0,6.0,144.9796890721272,113.99973765767939,113.99973765767939,0.0
0.019708744370951728,0.05441624499845507,3.490204908804323,10.020265705922087,1.5018983374175892,2.3997359146792956,6.0,3.0,3.0,6.0,144.9796890721272,37.288346398803554,37.288346398803554,0.0
0.23889578182727042,0.012714764948414559,10.000000000000002,70.00000000000001,2.3978952727983707,4.2626798770413155,5.0,3.0,3.0,5.0,471.5341118823487,153.89070776438024,153.89070776438024,0.0
0.06168168402206835,0.04187454268614151,4.436860068259385,12.286689419795222,1.6932017008929812,2.5867627385933885,4.0,5.0,4.0,5.0,65.93769001277221,100.76770010956972,65.93769001277221,0.0
0.01505278337069089,0.09997063404563984,1.2231392189934205,3.373289214487118,0.7989202596488136,1.4755154066461362,4.0,3.0,3.0,4.0,65.93769001277221,31.44333949258153,31.44333949258153,0.0
0.006617242660720922,0.03552140778853971,7.692307692307692,23.07692307692308,2.1624384612508036,3.1812538330786166,4.0,2.0,2.0,4.0,65.93769001277221,47.22875377897213,47.22875377897213,0.0
0.05735717464070293,0.06134320934674568,3.468208092485549,10.789980732177264,1.496987454089643,2.467250080296652,5.0,3.0,3.0,5.0,100.76770010956972,32.767582751202085,32.767582751202085,0.0
0.021538504416430845,0.05255977665335707,3.571428571428571,10.714285714285715,1.519825753744413,2.46080909820894,5.0,3.0,3.0,5.0,100.76770010956972,42.406552150956735,42.406552150956735,0.0
0.15842435715500966,0.0361502494508911,4.0462427745664735,23.69942196531792,1.618643961341823,3.206779841146246,4.0,2.0,2.0,4.0,146.38573337995302,44.93098754527222,44.93098754527222,0.0
0.07471569530432416,0.03190387379973105,3.003003003003004,18.01801801801802,1.3870448301982652,2.9453868465359867,4.0,4.0,4.0,4.0,146.38573337995302,109.17661272352383,109.17661272352383,0.0
0.24782464862451015,0.02932334354354849,2.7948574622694244,23.476802683063163,1.333646850792928,3.1977258397619863,3.0,4.0,3.0,4.0,153.89070776438024,142.55996888540068,142.55996888540068,0.0
0.06078205322938832,0.07602144493664154,2.1914113531965107,6.110666273336423,1.160463249422377,1.9615959487547219,3.0,5.0,3.0,5.0,32.767582751202085,105.67982395861503,32.767582751202085,0.0
0.037424092436088935,0.10984543077305789,2.726177645343308,7.481138654663032,1.3153829482686679,2.1378447161037255,3.0,2.0,2.0,3.0,32.767582751202085,14.603385696780988,14.603385696780988,0.0
0.01953260902590513,0.05760707505819061,5.594092638174087,13.873349742671738,1.8861741934095275,2.6995710036080847,3.0,3.0,3.0,3.0,31.44333949258153,41.08283721825868,31.44333949258153,0.0
0.007851591181022619,0.0609252898589486,3.164233949168113,9.594773910380727,1.4265323329324264,2.3603608522175157,4.0,3.0,3.0,4.0,113.99973765767939,37.288346398803554,37.288346398803554,0.0
0.022371272292676977,0.08679951576389339,2.792452830188679,8.226415094339623,1.3330129945069538,2.2220705759227504,3.0,2.0,2.0,3.0,37.288346398803554,26.027985612843633,26.027985612843633,0.0
0.02067142624500484,0.07043237716682818,3.7873474540608782,11.221770234254452,1.5659764906175762,2.503218806938662,2.0,4.0,2.0,4.0,26.027985612843633,38.90784455744975,26.027985612843633,0.0
0.0036428836863619464,0.053886757834860355,4.198857910648304,12.260665099093048,1.6484389688969832,2.584802141802474,2.0,3.0,2.0,3.0,47.22875377897213,42.406552150956735,42.406552150956735,0.0
0.01600413057770917,0.07823670638894815,2.957579854656075,8.703735000845022,1.3756326906253182,2.272510863029489,3.0,4.0,3.0,4.0,42.406552150956735,38.90784455744975,38.90784455744975,0.0
0.025571155092894225,0.12534793909833347,1.9825535289452816,5.154639175257732,1.0927798225054168,1.8172061348892192,4.0,4.0,4.0,4.0,38.90784455744975,42.853981312081615,38.90784455744975,0.0
0.006447037664428973,0.08184248032965394,5.401596993893847,9.39408172851104,1.8565474895340335,2.341236579602387,4.0,2.0,2.0,4.0,42.853981312081615,61.030817427821006,42.853981312081615,0.0
0.01343106651802304,0.18954284477361022,0.5069344811095169,1.7120994739359157,0.41007744232864096,0.9977230485853944,4.0,3.0,3.0,4.0,42.853981312081615,35.08895277785672,35.08895277785672,0.0
0.004528064528064527,0.02727452117609186,11.889035667107002,34.34610303830912,2.5563770016705014,3.5651881468968685,2.0,2.0,2.0,2.0,61.030817427821006,132.94034101755486,61.030817427821006,0.0
0.00754032762728415,0.012923116455543004,11.5606936416185,75.14450867052024,2.530572385758651,4.332632964732048,2.0,3.0,2.0,3.0,132.94034101755486,145.67116157720068,132.94034101755486,0.0
0.15548864552364589,0.05134623201703831,2.090106827682304,15.095215977705523,1.1282056623775245,2.778522083592427,2.0,5.0,2.0,5.0,44.93098754527222,235.97435160494086,44.93098754527222,0.0
0.020088071348940913,0.0940887326615561,1.4183139792571586,9.3076854888751,0.8830705945721264,2.3328897809621134,5.0,2.0,2.0,5.0,235.97435160494086,37.04178894181646,37.04178894181646,0.0
0.14823240257175072,0.007004562620786692,20.000000000000004,140.00000000000003,3.044522437723423,4.948759890378168,5.0,2.0,2.0,5.0,235.97435160494086,172.00480192076833,172.00480192076833,0.0
0.006666666666666666,0.17608284883720937,0.8749845226794338,5.679144826447645,0.6286004048173364,1.8989899593604282,3.0,1.0,1.0,3.0,35.08895277785672,6.554129349127079,6.554129349127079,1.0
0.006567555632773023,0.09997959874478035,0.9038546743464776,4.111652636242801,0.6438806069574594,1.631522764109754,3.0,8.0,3.0,8.0,22.85261646617812,183.4635950969224,22.85261646617812,0.0
0.014734444299661654,0.09982714251419869,1.8715596330275228,5.761467889908257,1.0548553083110095,1.911240009960193,3.0,4.0,3.0,4.0,22.85261646617812,87.74780173691475,22.85261646617812,0.0
0.013288740245261983,0.11023999999999978,2.902757619738752,9.0711175616836,1.3616833852552062,2.3096716798858905,2.0,4.0,2.0,4.0,21.14997176975732,47.66145196161796,21.14997176975732,1.0
0.006666666666666666,0.12664149108589956,1.27979031915411,7.896306269180858,0.8240834734539983,2.1856361646562594,2.0,1.0,1.0,2.0,21.14997176975732,9.176096588334968,9.176096588334968,1.0
0.009022880501141372,0.07841191494687931,1.950479492875332,7.097578154629679,1.0819676971012804,2.0915650237154026,4.0,4.0,4.0,4.0,47.66145196161796,47.34890009841366,47.34890009841366,0.0
0.03381663746881139,0.07212158493355691,3.1030391530528427,9.035319886830337,1.4117279559572544,2.306110858853375,4.0,5.0,4.0,5.0,47.66145196161796,105.67982395861503,47.66145196161796,0.0
0.00264479481870786,0.03829265182971528,2.280501710376283,11.022424933485366,1.1879963711793649,2.4867736503144937,4.0,7.0,4.0,7.0,47.34890009841366,298.59778332283764,47.34890009841366,0.0
0.006666666666666666,0.19639564766839357,0.6753840455293272,5.091762530748442,0.5160424199092094,1.8069374537656773,4.0,1.0,1.0,4.0,47.34890009841366,5.767146576277769,5.767146576277769,1.0
0.021528773159207915,0.029637503147857652,5.691056910569107,15.447154471544716,1.9007718453046525,2.800152481795328,5.0,3.0,3.0,5.0,105.67982395861503,135.37361149678333,105.67982395861503,0.0
0.07431605929247712,0.031200973365001647,5.944517833553501,17.17305151915456,1.9379525473819994,2.899939811023547,5.0,4.0,4.0,5.0,105.67982395861503,87.74780173691475,87.74780173691475,0.0
0.01219339492685429,0.019217194410180133,5.369127516778525,36.24161073825504,1.851462492664469,3.6174267043804424,4.0,3.0,3.0,4.0,109.17661272352383,133.22147651006713,109.17661272352383,0.0
0.006666666666666666,0.20536338797814205,0.6918297566621874,4.869417133430011,0.525810639491926,1.7697553330716889,4.0,1.0,1.0,4.0,109.17661272352383,5.561246890092199,5.561246890092199,1.0
0.014129293411902066,0.019424475712749967,7.600950118764847,20.427553444180525,2.15187267608326,3.0646776379742575,3.0,7.0,3.0,7.0,135.37361149678333,298.59778332283764,135.37361149678333,0.0
0.000906911928651059,0.005834082239741287,27.027027027027028,162.16216216216216,3.3331692955853027,5.094744566152202,7.0,3.0,3.0,7.0,298.59778332283764,270.8131208131208,270.8131208131208,0.0
0.009104315973881207,0.05278152693153272,2.7472527472527464,13.736263736263735,1.3210229707666665,2.6903113767648286,7.0,2.0,2.0,7.0,298.59778332283764,27.29387431474082,27.29387431474082,0.0
0.006666666666666666,0.2972667040358736,1.12007041735634,3.3639825329355397,0.7514493038664135,1.47338506542742,7.0,1.0,1.0,7.0,298.59778332283764,4.48405295029188,4.48405295029188,1.0
0.006666666666666666,0.24145054066760668,1.5226885461303556,4.141634958592412,0.9253252161927813,1.6373711142179237,7.0,1.0,1.0,7.0,298.59778332283764,5.664323504722768,5.664323504722768,1.0
0.01309568933481977,0.01875026434590228,11.53846153846154,42.30769230769231,2.5288008433452256,3.7683302706781534,3.0,4.0,3.0,4.0,270.8131208131208,87.74780173691475,87.74780173691475,0.0
0.006666666666666666,0.03600000000000003,0.0,27.77777777777777,0.0,3.3596034843633182,3.0,1.0,1.0,3.0,270.8131208131208,27.77777777777777,27.77777777777777,1.0
0.0493625514476646,0.058713396105732465,0.6581309082206533,2.492920106896414,0.5056910090972789,1.2507380932174028,4.0,8.0,4.0,8.0,87.74780173691475,183.4635950969224,87.74780173691475,0.0
0.012406593406593445,0.06454478124745636,1.8436269169529875,8.966730914271348,1.0450803208298352,2.2992526379557154,2.0,8.0,2.0,8.0,27.29387431474082,183.4635950969224,27.29387431474082,0.0
0.08433512360355441,0.02359960190319811,3.1782065834279223,29.96594778660613,1.4298821074428414,3.4328881422408672,4.0,3.0,3.0,4.0,142.55996888540068,101.38564355559967,101.38564355559967,0.0
0.16111074815824677,0.02157267127250765,3.1782065834279223,29.96594778660613,1.4298821074428414,3.4328881422408672,4.0,3.0,3.0,4.0,142.55996888540068,99.35535381903622,99.35535381903622,0.0
0.03692065651430198,0.04910464885048696,1.9230769230769236,15.384615384615389,1.0726368022648491,2.7963428082478887,2.0,4.0,2.0,4.0,38.14102564102565,73.15926567461881,38.14102564102565,0.0
0.0513975194259476,0.06340773107280585,1.3647219379051518,10.576595018764928,0.8606604412070923,2.4489853890763453,4.0,3.0,3.0,4.0,73.15926567461881,47.83785338932147,47.83785338932147,0.0
0.006666666666666666,0.04874999999999996,2.564102564102564,20.51282051282051,1.2709122870010452,3.0686490603375596,4.0,1.0,1.0,4.0,73.15926567461881,23.076923076923073,23.076923076923073,1.0
0.027006610024138556,0.09591453990201843,2.8711056811240074,7.269395235186317,1.353540171952382,2.1125613788146516,3.0,3.0,3.0,3.0,19.758655005211942,30.347583885010508,19.758655005211942,0.0
0.01890686058500348,0.11115848550042323,1.022364217252396,5.559105431309904,0.7042672316040228,1.8808542264787804,3.0,3.0,3.0,3.0,19.325628982823858,26.76055994682235,19.325628982823858,0.0
0.01089817911557041,0.10945877414114312,1.351187017795133,3.418503155021687,0.8549203145843314,1.4858009860238026,3.0,3.0,3.0,3.0,30.347583885010508,29.22440110626475,29.22440110626475,0.0
0.015143521421919583,0.062244107563555334,3.4305317324185247,12.006861063464836,1.4885196067453481,2.565476992350443,3.0,5.0,3.0,5.0,30.347583885010508,63.93988976856806,30.347583885010508,0.0
0.003033232468015076,0.06769590722859287,0.9006019813243586,6.825615016353035,0.6421706682676265,2.0574023296767328,3.0,3.0,3.0,3.0,26.76055994682235,36.87962076332204,26.76055994682235,0.0
0.012984420706041794,0.05774502872724571,1.9421912487147268,10.510682051867931,1.07915462642765,2.443275478308113,3.0,4.0,3.0,4.0,26.76055994682235,47.40967456225766,26.76055994682235,0.0
0.007607235759409669,0.09929711967959907,1.0708246505375305,1.6447558481277895,0.7279469098464656,0.9725787541036991,3.0,5.0,3.0,5.0,29.22440110626475,63.93988976856806,29.22440110626475,0.0
0.006040487692661602,0.03936720614860026,6.680838141512298,16.094746431825083,2.038728674214421,2.8387711900959145,5.0,3.0,3.0,5.0,63.93988976856806,73.3759068940465,63.93988976856806,0.0
0.008703322757197998,0.0412351164238339,3.835284618490109,9.285425918449738,1.5759399934581473,2.330727933861459,5.0,5.0,5.0,5.0,63.93988976856806,93.5290572851217,63.93988976856806,0.0
0.007226948147123239,0.08737348844693583,2.79264603211543,7.097975331626717,1.3330639370009938,2.091614071374991,5.0,3.0,3.0,5.0,63.93988976856806,36.87962076332204,36.87962076332204,0.0
0.001382766187114013,0.05051703335255561,5.136986301369864,13.6986301369863,1.8143337912665942,2.687754301482307,2.0,3.0,2.0,3.0,28.647606056638118,73.3759068940465,28.647606056638118,0.0
0.005283900479552655,0.05864419870715337,2.1523074001392675,7.659682218142686,1.148134692665232,2.1586780265364665,2.0,5.0,2.0,5.0,28.647606056638118,93.5290572851217,28.647606056638118,0.0
0.016119083340640297,0.08541624861689605,2.5197299610154986,6.418180089379101,1.258384271046615,2.0039337561222776,5.0,3.0,3.0,5.0,339.7388315590871,41.08283721825868,41.08283721825868,0.0
0.01768500871809,0.0049333288678366505,100.0,200.00000000000003,4.61512051684126,5.303304908059076,5.0,3.0,3.0,5.0,339.7388315590871,314.8702968357016,314.8702968357016,0.0
0.04131393282573258,0.13244599659444423,0.3533818644427168,2.779937333616039,0.3026065447282147,1.3297074310856176,5.0,4.0,4.0,5.0,339.7388315590871,17.101309073912155,17.101309073912155,0.0
0.004612411742846525,0.10453499113093054,1.5255064681474244,5.308762509153039,0.9264416240580793,1.8419395414962918,5.0,4.0,4.0,5.0,339.7388315590871,19.382050902546858,19.382050902546858,0.0
0.0019643520730477245,0.028743837260732735,9.411764705882351,22.35294117647059,2.342936388517613,3.1507229366309746,3.0,5.0,3.0,5.0,73.3759068940465,93.5290572851217,73.3759068940465,0.0
0.012127257920263597,0.06987930184736452,7.232968881412952,10.765349032800671,2.1081466885706486,2.4651586887856487,5.0,3.0,3.0,5.0,93.5290572851217,36.78706392039766,36.78706392039766,0.0
0.006255084262215877,0.04627991836132825,4.518430439952437,14.74435196195006,1.7080934792682276,2.7564816953668085,3.0,4.0,3.0,4.0,36.87962076332204,47.40967456225766,36.87962076332204,0.0
0.009580745831218419,0.0932890858474488,3.351561121890985,5.732933497971423,1.4705346593147013,1.9070109324865063,3.0,3.0,3.0,3.0,36.78706392039766,314.8702968357016,36.78706392039766,0.0
0.006666666666666666,0.13961290322580644,2.541589648798521,7.162661737523106,1.2645756796843242,2.0995703091104496,3.0,1.0,1.0,3.0,36.78706392039766,9.704251386321626,9.704251386321626,1.0
0.0035688582753800077,0.06361093312556843,1.521298174442191,11.156186612576066,0.9247739174680211,2.4978382264154955,4.0,3.0,3.0,4.0,47.40967456225766,41.08283721825868,41.08283721825868,0.0
0.014942292921045664,0.14877170256060934,0.8502618481551482,2.166272224599104,0.6153271686177807,1.1525549415271485,4.0,4.0,4.0,4.0,47.40967456225766,19.382050902546858,19.382050902546858,0.0
0.006666666666666666,0.23432692307692307,1.518260155929421,4.267542059909725,0.9235682487638907,1.6615638514597202,3.0,1.0,1.0,3.0,314.8702968357016,5.785802215839146,5.785802215839146,1.0
0.01149331028703448,0.11635026424099193,1.806171947569409,4.74765197646816,1.0318212583378874,1.7487914194923289,4.0,4.0,4.0,4.0,17.101309073912155,19.382050902546858,17.101309073912155,0.0
0.03514018310870131,0.18194868446153048,1.1754196248060556,3.2206497719685925,0.777221576877179,1.4399890905952195,4.0,2.0,2.0,4.0,17.101309073912155,14.603385696780988,14.603385696780988,0.0
0.03292055629100683,0.20961439039497326,0.6553237539830459,2.3627728010581377,0.5039966114396099,1.2127658720632744,4.0,3.0,3.0,4.0,17.101309073912155,38.46793751457985,17.101309073912155,0.0
0.008992646699414374,0.22063444058029352,0.7743483476933143,2.2030755807612605,0.5734332274592695,1.1641114672144517,4.0,2.0,2.0,4.0,19.382050902546858,31.715855492020086,19.382050902546858,0.0
0.005889710987782992,0.04617569238817948,8.280565026790063,20.45786653677545,2.227922431452151,3.0660913164531785,2.0,3.0,2.0,3.0,31.715855492020086,38.46793751457985,31.715855492020086,0.0
0.019427722036417686,0.017754759945175336,8.802601657823311,48.65882583074553,2.2826478257322904,3.9051761356350787,2.0,4.0,2.0,4.0,93.17571320285455,118.37105162059981,93.17571320285455,0.0
0.013251579338535859,0.06307606536618146,0.1816858814626803,9.529424482717584,0.16694213194203902,2.3541736696396693,2.0,4.0,2.0,4.0,78.2374899881948,85.39279216900113,78.2374899881948,0.0
0.019450018580453362,0.0017785323310220424,30.769230769230763,553.8461538461538,3.458498235499496,6.318690875042136,2.0,4.0,2.0,4.0,647.1153846153845,626.5945656939199,626.5945656939199,0.0
0.0066220735785953175,0.020668993300195393,0.0,36.90036900369003,0.0,3.634960848286103,4.0,4.0,4.0,4.0,626.5945656939199,128.86404352955333,128.86404352955333,0.0
0.00661092530657748,0.2481444242162957,0.0,1.6225864027259451,0.0,0.9641610074475655,4.0,2.0,2.0,4.0,626.5945656939199,4.327482264235277,4.327482264235277,0.0
0.0002787068004459309,0.23722133348071564,0.0,2.7048958615093324,0.0,1.3096551507981895,2.0,4.0,2.0,4.0,4.327482264235277,85.39279216900113,4.327482264235277,0.0
0.00028613898179115566,0.03838229625089906,0.0258893308772988,3.4303363412420924,0.025559876288759966,1.4884755047059453,4.0,3.0,3.0,4.0,626.5945656939199,56.352641970597546,56.352641970597546,0.0
0.0005536975102192493,0.028861912455905803,0.0,29.498525073746315,0.0,3.4176783242062427,4.0,4.0,4.0,4.0,128.86404352955333,85.39279216900113,85.39279216900113,0.0
0.006685247120029729,0.03528167058330384,0.0,17.18213058419244,0.0,2.9004392757326394,4.0,3.0,3.0,4.0,128.86404352955333,56.352641970597546,56.352641970597546,0.0
0.0003976217019695281,0.07979139481718289,1.31441957313899,3.813118167621031,0.8391589317555852,1.5713451417796143,4.0,3.0,3.0,4.0,118.37105162059981,24.772682932477544,24.772682932477544,0.0
0.012761055369751022,0.05024068269037875,0.6704747781284318,2.549193741920432,0.5131078843040636,1.266720462740827,4.0,3.0,3.0,4.0,118.37105162059981,63.96931934814615,63.96931934814615,0.0
0.013073206986250462,0.07189280846285168,2.796385826673793,8.358086526391668,1.334049515907678,2.2362408386495867,3.0,3.0,3.0,3.0,24.772682932477544,105.67473576912892,24.772682932477544,0.0
0.019007803790412486,0.07671321391401396,2.138391677882741,6.352281160769318,1.1437104642026867,1.9950106270818508,3.0,3.0,3.0,3.0,24.772682932477544,63.96931934814615,24.772682932477544,0.0
0.03782608695652173,0.017884726847424592,1.5446003346634056,50.71437765478182,0.9339735982455165,3.9457358406237746,3.0,7.0,3.0,7.0,63.96931934814615,148.24986425339034,63.96931934814615,0.0
0.011873838721664807,0.026857343637110342,1.7538123123569456,17.15168990220267,1.0129862470606794,2.8987636639359957,4.0,3.0,3.0,4.0,98.84116193348494,90.74948988676753,90.74948988676753,0.0
0.020007667997437823,0.029366042118346494,4.249893752656184,29.142128589642404,1.6582078388094512,3.4059238141167905,4.0,3.0,3.0,4.0,98.84116193348494,100.33869495980464,98.84116193348494,0.0
0.011873838721664807,0.026869223043247903,1.7538123123569456,17.15168990220267,1.0129862470606794,2.8987636639359957,4.0,3.0,3.0,4.0,98.84116193348494,90.53770405908867,90.53770405908867,0.0
0.04435718883358663,0.027223023189517644,1.29221868978965,12.80621855394102,0.8295202086942195,2.625119110515323,3.0,9.0,3.0,9.0,90.74948988676753,367.4483947678269,90.74948988676753,0.0
0.030729355314448772,0.01436500792375768,6.855636123928805,50.88991430454844,2.0612312517422735,3.94912444189531,3.0,6.0,3.0,6.0,90.74948988676753,430.44774911821105,90.74948988676753,0.0
0.0786817893538395,0.027386290439867372,1.3303458899313825,13.16342248984736,0.8460167071742344,2.6506627603209365,3.0,9.0,3.0,9.0,83.40308777994314,367.4483947678269,83.40308777994314,0.0
0.04198137250252737,0.014697329834551326,5.993663841082285,53.08673687815739,1.9450045735859185,3.9905889964273404,3.0,6.0,3.0,6.0,83.40308777994314,430.44774911821105,83.40308777994314,0.0
0.053504393399534056,0.013285440303482499,5.892751915144374,60.40070713022983,1.9304704124164809,4.117421351865767,9.0,3.0,3.0,9.0,367.4483947678269,98.22204200653621,98.22204200653621,0.0
0.009368519611486362,0.014182264385777882,6.178672675728718,59.969470087955216,1.9711145018660228,4.110373248524815,9.0,2.0,2.0,9.0,367.4483947678269,92.29210363879123,92.29210363879123,0.0
0.009348197696023785,0.034154809763325855,1.2439181848241985,12.486419247665689,0.808223527470027,2.6016831974508388,9.0,2.0,2.0,9.0,367.4483947678269,74.9650287596581,74.9650287596581,0.0
0.04435718883358663,0.027314961714039056,1.256564745303992,12.630086670747817,0.8138436326736394,2.612279604510514,9.0,3.0,3.0,9.0,367.4483947678269,90.53770405908867,90.53770405908867,0.0
0.11276415943838582,0.011018551791025982,12.161968808127057,83.70296179710975,2.577331520188167,4.439150569135302,6.0,7.0,6.0,7.0,430.44774911821105,962.4852026021252,430.44774911821105,0.0
0.030729355314448772,0.014380883466856953,6.855636123928805,50.88991430454844,2.0612312517422735,3.94912444189531,6.0,3.0,3.0,6.0,430.44774911821105,90.53770405908867,90.53770405908867,0.0
0.014774499536647896,0.01504445464537918,5.993663841082285,53.08673687815739,1.9450045735859185,3.9905889964273404,6.0,3.0,3.0,6.0,430.44774911821105,129.95130704364215,129.95130704364215,0.0
0.009048916603903815,0.02616606765045293,4.903190494652102,33.410111975187576,1.7754929665581387,3.5383504739507834,3.0,2.0,2.0,3.0,100.33869495980464,56.32495706987499,56.32495706987499,0.0
0.013288740245261983,0.0384992125984252,2.6588129422833062,25.97455720538307,1.2971387620965673,3.29489409600977,3.0,2.0,2.0,3.0,100.33869495980464,73.1510947972954,73.1510947972954,1.0
0.00819049965853035,0.04661417866782154,2.2956030372594034,15.716051562775911,1.1925891670693245,2.8163694292169437,2.0,3.0,2.0,3.0,56.32495706987499,59.30826175912193,56.32495706987499,0.0
0.037549739641811256,0.049906345335331434,1.5475564084310869,11.01860162802934,0.9351346285314571,2.4864555852369916,3.0,7.0,3.0,7.0,59.30826175912193,962.4852026021252,59.30826175912193,0.0
0.026044958735495817,0.035739565056902484,3.607410652168312,25.12303847045788,1.5276660185492514,3.2628176249956335,3.0,2.0,2.0,3.0,59.30826175912193,40.435766161245176,40.435766161245176,0.0
0.11543829140663542,0.011232799236433513,11.345586566825506,86.22645790787384,2.5132986361945284,4.468507701268194,7.0,7.0,7.0,7.0,962.4852026021252,257.1102913653498,257.1102913653498,0.0
0.013184689706428837,0.002819906489851573,42.33700254022016,287.89161727349705,3.769006832207912,5.666051591037015,7.0,3.0,3.0,7.0,962.4852026021252,506.6897332447177,506.6897332447177,0.0
0.006599777034559643,0.006531730179122397,3.063457330415756,66.08315098468273,1.4020341704585013,4.205932909386115,7.0,2.0,2.0,7.0,962.4852026021252,194.06265935606558,194.06265935606558,0.0
0.01316239316239316,0.0025332935924233663,42.33700254022016,287.89161727349705,3.769006832207912,5.666051591037015,7.0,4.0,4.0,7.0,962.4852026021252,630.5261800044216,630.5261800044216,0.0
0.001695864521951478,0.1276581222763763,1.0466820180029306,4.186728072011722,0.7162199541157094,1.6461030690888647,3.0,3.0,3.0,3.0,143.15674803846252,12.867197340188337,12.867197340188337,0.0
0.012209919709919661,0.05693968717664068,1.6823310378860947,11.720239563939794,0.9866862067304254,2.543194391377691,7.0,3.0,3.0,7.0,257.1102913653498,35.51575422470384,35.51575422470384,0.0
0.056199823640517524,0.05975697815989017,1.1651723841879973,8.677468019084296,0.7724999814662189,2.2698002987971218,7.0,3.0,3.0,7.0,257.1102913653498,49.998270882278796,49.998270882278796,0.0
0.05503278536478356,0.06148964325354332,0.4045228769355837,2.912046094863208,0.3396976557424905,1.3640605350436454,7.0,5.0,5.0,7.0,257.1102913653498,100.27333216686564,100.27333216686564,0.0
0.0025420714551149335,0.06539085856881317,0.4588202919356144,3.234149546178715,0.37762808987457425,1.4431824923956609,7.0,4.0,4.0,7.0,257.1102913653498,49.904815560392265,49.904815560392265,0.0
0.005383376687724528,0.09487878905194255,0.3933022793435471,2.808612596048398,0.3316766700677059,1.3372649748018264,7.0,2.0,2.0,7.0,257.1102913653498,25.45027131179905,25.45027131179905,0.0
0.020655359133620002,0.008928845474490923,16.06922126081582,110.0123609394314,2.8372769154268593,4.709641554926987,7.0,2.0,2.0,7.0,257.1102913653498,204.124680627737,204.124680627737,0.0
0.0022969574708705262,0.08873355318057645,0.5570476093851994,4.3396114449355565,0.44279147002419456,1.6751528872040569,3.0,4.0,3.0,4.0,35.51575422470384,49.904815560392265,35.51575422470384,0.0
0.06558929407346624,0.04073215763445941,1.8264840182648403,17.351598173515985,1.0390335428680952,2.9097166646327004,3.0,5.0,3.0,5.0,49.998270882278796,85.4048124205053,49.998270882278796,0.0
0.05988268827990361,0.03737846084692856,1.2434635267278342,12.815964082141544,0.8080208889930062,2.6258247411118107,5.0,5.0,5.0,5.0,85.4048124205053,100.27333216686564,85.4048124205053,0.0
0.004269151138716356,0.06315700987539255,1.5075794446884538,10.790470198596884,0.9193179231789642,2.4672915948903404,5.0,2.0,2.0,5.0,85.4048124205053,19.71659686948238,19.71659686948238,0.0
0.007385258863519706,0.046184104409146554,2.408143491354765,16.658686740195314,1.2261677123514736,2.871227828888361,5.0,4.0,4.0,5.0,100.27333216686564,49.904815560392265,49.904815560392265,0.0
0.0023975155279503104,0.07247754704530138,0.935363386530338,6.483183839666702,0.6602951055066658,2.012658348438658,5.0,2.0,2.0,5.0,100.27333216686564,19.71659686948238,19.71659686948238,0.0
0.0012832899789421508,0.04600227777344265,2.814783396633828,19.433573039773275,1.338883886357541,3.017179285352389,4.0,2.0,2.0,4.0,49.904815560392265,25.45027131179905,25.45027131179905,0.0
0.01975733331743562,0.07319315432553836,1.4658395194614269,10.239477519157557,0.9025323253582851,2.419432359324412,2.0,3.0,2.0,3.0,40.435766161245176,67.88504800593456,40.435766161245176,0.0
0.0038010003636602097,0.027014293486379987,6.397654968651489,33.5004478358478,2.0011630538597585,3.5409723047022763,3.0,2.0,2.0,3.0,67.88504800593456,60.15359688320294,60.15359688320294,0.0
0.0034342281759161546,0.2229655295242908,1.3389121852281485,2.423998520908464,0.8496859431726536,1.2308090263017342,2.0,2.0,2.0,2.0,7.631226731312552,44.006813145161004,7.631226731312552,0.0
0.003544590107249954,0.20777330685118278,0.8061498403943637,3.062166184781576,0.5911974196563223,1.401716374379805,2.0,2.0,2.0,2.0,7.631226731312552,20.149944187992226,7.631226731312552,0.0
0.0036906384323264103,0.04787696241138989,3.2862895997896766,16.96920447891397,1.4554214635483906,2.888659430417328,3.0,2.0,2.0,3.0,105.39964696186291,60.15359688320294,60.15359688320294,0.0
0.016031215161649945,0.008584180271197422,8.274720728175426,101.36532892014895,2.227292497870413,4.628548070508474,3.0,3.0,3.0,3.0,183.90245091349746,210.40193642238427,183.90245091349746,0.0
0.016068376068376067,0.020803204867282987,3.533741135183877,34.72814563887603,1.5115474563186333,3.5759387714127144,3.0,3.0,3.0,3.0,84.06542458504703,210.40193642238427,84.06542458504703,0.0
0.019160163507989596,0.035744597926968075,3.218570174583049,21.847264215351608,1.4394962494462016,3.1288313821788805,3.0,2.0,2.0,3.0,84.06542458504703,51.059718181983584,51.059718181983584,0.0
0.02639910813823857,0.03277668711656448,2.2460974057574967,30.509489761539324,1.1774534765773204,3.450288762732311,2.0,3.0,2.0,3.0,76.33543107523234,98.62287652445232,76.33543107523234,1.0
0.019866220735785953,0.024632244897959288,2.9826509138511,40.59719299408441,1.3819476563342168,3.728032688886863,2.0,2.0,2.0,2.0,76.33543107523234,126.18078225459513,76.33543107523234,1.0
0.05112338017197352,0.044899267387190606,1.653314896367216,19.313724016653392,0.9758097625587197,3.0112967175558363,2.0,3.0,2.0,3.0,47.84526045621624,98.62287652445232,47.84526045621624,0.0
0.013288740245261983,0.012303252032520418,1.321615013546554,81.27932333311307,0.8422630700232209,4.410119840797525,2.0,2.0,2.0,2.0,126.18078225459513,147.53600328172456,126.18078225459513,1.0
0.006107766629505758,0.015666387179575733,5.623594101474632,55.61109722569358,1.890638138254156,4.036205030049282,2.0,3.0,2.0,3.0,74.9650287596581,129.95130704364215,74.9650287596581,0.0
0.004331422200987417,0.18111605385713567,0.2798904369093903,2.02617247526484,0.24677447810342623,1.1072986115160892,3.0,4.0,3.0,4.0,12.867197340188337,12.046877380637703,12.046877380637703,0.0
0.0014123268036311514,0.12454922165635277,1.0740137935706993,4.253710544428755,0.7294857604943322,1.658934597326359,3.0,3.0,3.0,3.0,12.867197340188337,26.066907398521696,12.867197340188337,0.0
0.0023370470109600567,0.1509229880401566,0.6869950224784431,2.8356634694866094,0.5229488530428472,1.3443424236332648,4.0,3.0,3.0,4.0,12.046877380637703,26.066907398521696,12.046877380637703,0.0
0.010340550753594208,0.1472156385665353,0.7406915914565683,3.078029604009637,0.55428250061196,1.4056139315691794,4.0,4.0,4.0,4.0,12.046877380637703,31.843737423141754,12.046877380637703,0.0
0.0003612040133779264,0.19889733473873691,0.6333015215781916,1.766133259454023,0.4906034396740195,1.0174504097588575,4.0,3.0,3.0,4.0,12.046877380637703,20.038592355273753,12.046877380637703,0.0
0.0075682698943568515,0.14074532404291681,0.6473283527240634,2.596474122762671,0.4991547954563018,1.2799539551826562,4.0,3.0,3.0,4.0,31.843737423141754,20.038592355273753,20.038592355273753,0.0
0.0026453787758135582,0.13542519370409623,0.7583693443867471,3.045296120576392,0.5643868707042546,1.3975547544011682,4.0,3.0,3.0,4.0,31.843737423141754,13.23189497677304,13.23189497677304,0.0
0.0014337474120082818,0.07484880514189335,3.3455871572106064,11.049767941544197,1.469160883583116,2.48904540178809,3.0,2.0,2.0,3.0,20.038592355273753,28.338354447907594,20.038592355273753,0.0
0.005487099856665074,0.07486124324067198,2.895552717971861,11.04744663118093,1.3598355737409378,2.488852739655839,2.0,4.0,2.0,4.0,28.338354447907594,68.14465873141901,28.338354447907594,0.0
0.00020512820512820506,0.11176258191288208,1.349948726345063,5.0284234686146405,0.8543935093414701,1.7964855285646713,4.0,3.0,3.0,4.0,68.14465873141901,13.23189497677304,13.23189497677304,0.0
0.0036480596697987993,0.025798806903080534,6.945946869199852,33.02171462406486,2.0726619708862684,3.5269989861698727,4.0,2.0,2.0,4.0,68.14465873141901,96.37961962171505,68.14465873141901,0.0
0.003329617242660721,0.011157087477954838,0.9799118079372856,49.48554630083292,0.6830523022686289,3.9216870834501867,3.0,2.0,2.0,3.0,506.6897332447177,100.93091621754041,100.93091621754041,0.0
0.0033296172426607205,0.005254029258701373,5.792903692976105,120.20275162925417,1.915878492716659,4.797464776589168,3.0,2.0,2.0,3.0,506.6897332447177,250.91170636319737,250.91170636319737,0.0
0.006666666666666666,0.02475510204081638,4.122011541632316,40.3957131079967,1.6335472411196437,3.7231773273537705,2.0,1.0,1.0,2.0,73.1510947972954,44.51772464962902,44.51772464962902,1.0
6.688963210702341e-05,0.005842168564470285,9.402283411685694,115.5137676292814,2.3420253408637497,4.758009443098771,2.0,4.0,2.0,4.0,194.06265935606558,630.5261800044216,194.06265935606558,0.0
0.003351913786696395,0.0053378264580249,9.402283411685694,115.5137676292814,2.3420253408637497,4.758009443098771,2.0,4.0,2.0,4.0,250.91170636319737,630.5261800044216,250.91170636319737,0.0
0.0033519137866963953,0.011157087477954825,0.9799118079372856,49.48554630083292,0.6830523022686289,3.9216870834501867,4.0,2.0,2.0,4.0,630.5261800044216,100.93091621754041,100.93091621754041,0.0
0.011443355851382614,0.08420705086400271,3.2628040340122606,9.392920703974688,1.4499271676934506,2.341124872823949,3.0,3.0,3.0,3.0,33.34638673299677,24.964237654381222,24.964237654381222,0.0
0.004387150134641773,0.07945166541611431,6.688963210702342,10.033444816053512,2.039785951372495,2.400931097837895,3.0,2.0,2.0,3.0,33.34638673299677,21.96611889252128,21.96611889252128,0.0
0.023942772203641757,0.0022237067498145774,80.0,440.0,4.394449154672439,6.089044875446846,3.0,6.0,3.0,6.0,572.3380772582051,2641.551768247237,572.3380772582051,0.0
2.229654403567447e-05,0.028616765191559868,1.297016861219196,20.75226977950713,0.831611264219504,3.079718109768298,2.0,2.0,2.0,2.0,38.70699754884024,151.46105134660868,38.70699754884024,0.0
0.0066443701226309914,0.00869266374146399,23.52941176470588,105.88235294117646,3.1998728777425853,4.671728724339955,2.0,3.0,2.0,3.0,151.46105134660868,163.70531927462545,151.46105134660868,0.0
0.0030791664998826127,0.07369593836525379,7.507507507507509,10.51051051051051,2.1409490098500727,2.443260575400111,3.0,3.0,3.0,3.0,31.731269865683448,37.5102080910094,31.731269865683448,0.0
0.0029645116761976864,0.10066076120815479,2.6040253892475445,6.889817175717463,1.2820513844625494,2.065572962943874,3.0,3.0,3.0,3.0,31.731269865683448,24.964237654381222,24.964237654381222,0.0
0.07547299056750828,0.021589190879493694,3.745906690672692,34.55901011394806,1.5572824971950763,3.571193573192668,3.0,5.0,3.0,5.0,101.38564355559967,794.3031951584661,101.38564355559967,0.0
0.006666666666666666,0.035662253521126744,1.895719623067749,28.04085275787712,1.0632336545975352,3.368703554466126,3.0,1.0,1.0,3.0,101.38564355559967,29.936572380944867,29.936572380944867,1.0
0.09673224045435792,0.01990717825428799,3.745906690672692,34.55901011394806,1.5572824971950763,3.571193573192668,3.0,5.0,3.0,5.0,99.35535381903622,794.3031951584661,99.35535381903622,0.0
0.01554704721397622,0.03391753463250785,7.795100222717148,22.271714922049,2.174194773544395,3.1472386712918565,4.0,3.0,3.0,4.0,99.41233049274818,79.12272036505493,79.12272036505493,0.0
0.0017350427350427352,0.05165484085100508,4.020908725371935,10.856453558504224,1.6136109383117407,2.472872323431335,4.0,5.0,4.0,5.0,99.41233049274818,56.01694425386277,56.01694425386277,0.0
0.0003232998885172797,0.031386208413955174,2.702702702702703,16.216216216216218,1.3090630131839005,2.845851742927939,3.0,6.0,3.0,6.0,79.12272036505493,78.14661620355541,78.14661620355541,0.0
0.02119922112701972,0.029411098504287234,8.21917808219178,21.91780821917808,2.2212858884963365,3.1319142598384326,3.0,8.0,3.0,8.0,79.12272036505493,183.4635950969224,79.12272036505493,0.0
0.00046079524340393905,0.032896439692164575,4.0964952207555765,20.93764223941739,1.6285530918755868,3.0882039850531506,6.0,2.0,2.0,6.0,78.14661620355541,44.30249825324753,44.30249825324753,0.0
0.03236400419845234,0.04616446952280076,3.491010647582476,12.742188863676034,1.5020777649739718,2.6204705800507573,6.0,5.0,5.0,6.0,78.14661620355541,56.01694425386277,56.01694425386277,0.0
0.04590537209600749,0.031806298492373916,2.607961954437371,8.360819206872748,1.2831430573657814,2.236532808761454,6.0,8.0,6.0,8.0,78.14661620355541,183.4635950969224,78.14661620355541,0.0
0.00026755852842809364,0.10455531472812574,3.1665347277196783,5.624765634765218,1.4270846897915108,1.8908149953620492,2.0,3.0,2.0,3.0,20.620690565750476,22.445493195147986,20.620690565750476,0.0
0.006399108138238572,0.08559782306736699,3.332222592469177,8.497167610796401,1.4660807111218017,2.2509936079201136,2.0,5.0,2.0,5.0,20.620690565750476,56.01694425386277,20.620690565750476,0.0
0.024483304135478046,0.09320298271986008,3.530180867291349,5.578557419917194,1.5107618652522807,1.8838154842066095,3.0,5.0,3.0,5.0,22.445493195147986,56.01694425386277,22.445493195147986,0.0
0.009578689426515513,0.15815989780740122,2.537603601759951,3.745011767113476,1.2634495492571025,1.5570939119562823,2.0,3.0,2.0,3.0,16.486697001526487,28.524865972523806,16.486697001526487,0.0
0.006205871423262727,0.03668954412254413,2.792516056967328,16.475844736107234,1.3330296661056358,2.8608196266429498,2.0,8.0,2.0,8.0,44.30249825324753,183.4635950969224,44.30249825324753,0.0
0.005833000333000327,0.07777298679813632,6.8249258160237405,10.089020771513354,2.057314256000925,2.4059554991331225,3.0,3.0,3.0,3.0,28.524865972523806,37.5102080910094,28.524865972523806,0.0
0.008828183183681886,0.2609182680257828,1.0409485730042742,1.5372949124500208,0.7134146865500798,0.9310985184217822,3.0,3.0,3.0,3.0,37.5102080910094,17.26871867305469,17.26871867305469,0.0
0.02724950919629267,0.1306749401887357,5.222492488195737,6.65331234797539,1.8281705480585178,2.0351385407902183,3.0,2.0,2.0,3.0,17.26871867305469,18.58721423214428,17.26871867305469,0.0
0.015470378409489158,0.25545295511098487,1.0219680549818817,1.7927022964473838,0.7040713217503736,1.0270096921117218,3.0,3.0,3.0,3.0,17.26871867305469,24.964237654381222,17.26871867305469,0.0
0.057067689294532126,0.04710724893709786,2.225406456880749,12.455872111174262,1.1710589754475442,2.5994155989623486,3.0,3.0,3.0,3.0,138.8876118966736,119.1270985981309,119.1270985981309,0.0
0.05230599352338483,0.01814265566426626,4.9255374630584665,53.60143709798921,1.7792713939719151,4.000060202880475,3.0,3.0,3.0,3.0,189.91017121595283,119.1270985981309,119.1270985981309,0.0
0.04012464829856132,0.010829525036151061,12.61670451678022,90.84027252081756,2.6112973123241408,4.520050899910251,3.0,3.0,3.0,3.0,189.91017121595283,131.82114108165317,131.82114108165317,0.0
0.010147797592032012,0.022528696414023552,7.028394714647174,38.89045075438104,2.0829845969709595,3.686136965787817,3.0,2.0,2.0,3.0,119.1270985981309,67.51902888958017,67.51902888958017,0.0
0.01079949372198897,0.0379700226577418,1.60895221009698,19.991231210454973,0.9589486886610241,3.0441047891134767,2.0,4.0,2.0,4.0,67.51902888958017,128.49299169066794,67.51902888958017,0.0
0.0003121516164994426,0.018913757750464957,0.0,21.92982456140351,0.0,3.132438445789672,4.0,3.0,3.0,4.0,128.49299169066794,73.06214070314526,73.06214070314526,0.0
0.01834681911241457,0.017755521479211972,1.7224440843614832,25.19871901195504,1.0015300372711742,3.265710516898294,4.0,4.0,4.0,4.0,128.49299169066794,345.42254185847185,128.49299169066794,0.0
0.12691192865105907,0.0017986788697318123,90.09009009009006,540.5405405405405,4.511849017779064,6.294417930749521,5.0,5.0,5.0,5.0,794.3031951584661,2646.9408729814463,794.3031951584661,0.0
0.014161542091598806,0.02136115345777191,1.5702917771883291,20.54111405835544,0.9440194244427556,3.0699633908344004,4.0,3.0,3.0,4.0,345.42254185847185,73.06214070314526,73.06214070314526,0.0
0.014221479004087692,0.020950881306001604,1.147776183644189,33.85939741750358,0.7644329736591043,3.5513227541565753,4.0,2.0,2.0,4.0,345.42254185847185,933.8835780955299,345.42254185847185,0.0
0.013173541434410997,0.004805612825882988,67.45362563237774,193.929173693086,4.226156517934029,5.272636280756026,4.0,3.0,3.0,4.0,345.42254185847185,2325.7730432279027,345.42254185847185,0.0
0.008216276477146045,0.0013507826659040212,168.53932584269666,730.3370786516854,5.133084910781512,6.5948744733732125,2.0,2.0,2.0,2.0,933.8835780955299,953.0180481236104,933.8835780955299,0.0
0.019866220735785953,0.06556249999999986,2.3832221163012397,15.252621544327932,1.2188285442501994,2.788254221568934,3.0,3.0,3.0,3.0,216.24440436584698,163.70531927462545,163.70531927462545,1.0
0.025183946488294313,0.007827071795273671,27.44871424443802,117.01820283155156,3.348102966033965,4.770838873852951,3.0,2.0,2.0,3.0,216.24440436584698,192.72238195179293,192.72238195179293,0.0
0.0066443701226309914,0.029637949083051618,0.2686727565824825,16.389038151531434,0.23797128044326216,2.855840016401288,3.0,2.0,2.0,3.0,163.70531927462545,38.70699754884024,38.70699754884024,0.0
0.008944630248978113,0.008326461656887857,23.959646910466585,109.70996216897856,3.2172603971858873,4.706913828158541,3.0,3.0,3.0,3.0,181.09067744342843,180.64365114873556,180.64365114873556,0.0
0.008260869565217353,0.01946450998636827,1.5641355744588692,34.65161888031956,0.9416214138145342,3.5737945562169298,3.0,4.0,3.0,4.0,181.09067744342843,177.06928096434274,177.06928096434274,0.0
0.08483835005574111,0.0006095347159031095,270.2702702702703,1621.6216216216217,5.603115631169576,7.391798405165924,6.0,5.0,5.0,6.0,2641.551768247237,2646.9408729814463,2641.551768247237,0.0
0.007086584912671869,0.01704769738431225,0.2981292390251174,38.6077364537527,0.26092418114131327,3.679024464172935,4.0,2.0,2.0,4.0,177.06928096434274,2038.9058656927778,177.06928096434274,0.0
0.00137123745819398,0.0006608012593647683,499.9999999999999,1500.0,6.2166061010848646,7.313886831633462,2.0,3.0,2.0,3.0,2038.9058656927778,2325.7730432279027,2038.9058656927778,0.0
0.006666666666666666,0.00432093023255814,16.146393972012916,231.43164693218512,2.8417878874807996,5.448596190113856,2.0,1.0,1.0,2.0,283.9416772678344,247.57804090419802,247.57804090419802,1.0
0.0018999309868875163,0.03540070704885018,8.93397301518072,24.9729166959776,2.2959605002712338,3.2570543295715573,2.0,2.0,2.0,2.0,40.244870103291845,55.743635157933454,40.244870103291845,0.0
0.008499708021447182,0.08580849646372735,0.9700383135378072,5.367942078595719,0.6780529910571265,1.8512763528028073,2.0,4.0,2.0,4.0,40.244870103291845,40.330309000077186,40.244870103291845,0.0
0.004789032223814846,0.050870829459803646,5.70799646396937,16.12874898280576,1.9033003168244744,2.8407582788930723,2.0,3.0,2.0,3.0,55.743635157933454,46.71144054638138,46.71144054638138,0.0
0.0046512183468705075,0.047620580956705294,2.80120541043012,13.060397200221956,1.335318229701932,2.64336213635489,4.0,3.0,3.0,4.0,40.330309000077186,46.71144054638138,40.330309000077186,0.0
0.0012813080639167596,0.06134466175571904,0.7792610916452173,4.586817369989487,0.576198161065809,1.7204097815571051,4.0,4.0,4.0,4.0,40.330309000077186,39.879802856095644,39.879802856095644,0.0
0.006737590911503984,0.070819223384216,1.5553823483835922,7.457710140570582,0.9382018595765208,2.135078468017389,3.0,4.0,3.0,4.0,46.71144054638138,39.879802856095644,39.879802856095644,0.0
0.010639273769708555,0.10905367719501613,2.57923152158389,7.321883875524359,1.2751481185946667,2.118888656548992,4.0,3.0,3.0,4.0,39.879802856095644,26.424819915821686,26.424819915821686,0.0
0.013288740245261983,0.11267101593625495,3.1028529451024878,8.875397028156401,1.4116825719945703,2.2900465153618974,3.0,2.0,2.0,3.0,26.424819915821686,18.43870288418536,18.43870288418536,1.0
0.006666666666666666,0.2061338179859996,1.609235338912538,4.851217572013934,0.9590572048127249,1.7666497715555058,2.0,1.0,1.0,2.0,18.43870288418536,6.460452910926472,6.460452910926472,1.0
0.004914423740510704,0.01907805109481575,0.2499937501562461,49.998750031249216,0.22313855142670722,3.9318011232327787,4.0,2.0,2.0,4.0,99.41233049274818,55.577047797518745,55.577047797518745,0.0
0.2068004459308807,0.00046782608695651595,278.8104089219329,2137.5464684014864,5.634112262832971,7.667881656868098,8.0,4.0,4.0,8.0,2525.5913312212024,2756.0640706563418,2525.5913312212024,1.0
0.1131772575250836,0.43818182432123315,0.1274250834354133,2.282157644372992,0.11993634534049967,1.1885010245347625,4.0,4.0,4.0,4.0,2756.0640706563418,11.864955529637294,11.864955529637294,1.0
0.058394648829431434,0.651003695029149,0.0857775074702765,1.5360895915579482,0.08229632710636693,0.930623363852363,4.0,4.0,4.0,4.0,2756.0640706563418,8.075425701996906,8.075425701996906,1.0
0.006666666666666666,0.3755242703942776,0.1120985221266143,2.6629437265134763,0.10624879093845305,1.2982671210014864,6.0,1.0,1.0,6.0,351.7889985358711,2.7750422486400907,2.7750422486400907,1.0
0.006666666666666666,0.3755242703942833,0.1120985221266143,2.6629437265134763,0.10624879093845305,1.2982671210014864,6.0,1.0,1.0,6.0,351.7889985358711,2.7750422486400907,2.7750422486400907,1.0
0.013288740245261983,0.3811345529096346,0.1104778427376458,2.6237453213461137,0.10479041164329182,1.2875081101445438,6.0,2.0,2.0,6.0,351.7889985358711,4.067556497417093,4.067556497417093,1.0
0.006666666666666666,0.15199999999999986,0.0,6.578947368421052,0.0,2.02537432040956,6.0,1.0,1.0,6.0,351.7889985358711,6.578947368421052,6.578947368421052,1.0
0.006666666666666666,0.8000000000000013,0.0,1.2499999999999998,0.0,0.8109302162163287,6.0,1.0,1.0,6.0,351.7889985358711,1.2499999999999998,1.2499999999999998,1.0
0.006666666666666666,2.8851120664961503,0.0546208879056061,0.3466069868178306,0.05318135439030951,0.2975880856035015,3.0,1.0,1.0,3.0,17.218242187305233,0.4012278747234367,0.4012278747234367,1.0
0.006666666666666666,3.300175141419798,0.0477528280629473,0.3030142211088179,0.046647706996635424,0.26468021221117544,4.0,1.0,1.0,4.0,21.472709431170518,0.3507670491717652,0.3507670491717652,1.0
0.006666666666666666,4.056760886004087,0.0416803518488581,0.2465020808719659,0.04083513220885909,0.22034129335189592,3.0,1.0,1.0,3.0,1.568246958109946,0.288182432720824,0.288182432720824,1.0
0.006666666666666666,3.7185657031422945,0.0454722671824439,0.2689208904269118,0.04446871364515338,0.2381668466999105,3.0,1.0,1.0,3.0,1.568246958109946,0.3143931576093557,0.3143931576093557,1.0
0.006666666666666666,3.03241191856546,0.0490409685138664,0.3297705017836329,0.047876383478867565,0.2850063722944268,4.0,1.0,1.0,4.0,10.382406504562141,0.3788114702974993,0.3788114702974993,1.0
0.006666666666666666,2.103093692950902,0.071177869646465,0.4754899904610892,0.06875885577744509,0.3889901315493745,4.0,1.0,1.0,4.0,10.382406504562141,0.5466678601075542,0.5466678601075542,1.0
0.006666666666666666,4.788439266522542,0.0329108043252053,0.2088363126982325,0.032380840160858376,0.189658171811619,12.0,1.0,1.0,12.0,27.220242538412833,0.2417471170234378,0.2417471170234378,1.0
0.006666666666666666,5.005912133726367,0.031481425972393,0.1997637939472979,0.030996046554047283,0.18212469904148693,12.0,1.0,1.0,12.0,27.220242538412833,0.2312452199196909,0.2312452199196909,1.0
0.006666666666666666,4.924946924921008,0.0319985465971805,0.2030478734582618,0.03149725872231388,0.18485823126163867,12.0,1.0,1.0,12.0,27.220242538412833,0.2350464200554423,0.2350464200554423,1.0
0.006666666666666666,2.510584079641702,0.0593805265352981,0.398313686487934,0.05768432836155262,0.3352670009649419,4.0,1.0,1.0,4.0,30.474071085619123,0.4576942130232321,0.4576942130232321,1.0
0.006666666666666666,5.659357021050179,0.0343216848333318,0.1766985182734435,0.03374583489133956,0.16271265126492862,4.0,1.0,1.0,4.0,30.474071085619123,0.21102020310677527,0.21102020310677527,1.0
0.006666666666666666,1.7138491526421054,0.0538022933957169,0.5834819233993709,0.052404855100906894,0.4596261713326436,4.0,1.0,1.0,4.0,30.474071085619123,0.6372842167950877,0.6372842167950877,1.0
0.006666666666666666,1.403359002012655,0.06661704983448,0.7125760397487978,0.06449200427550372,0.5379986929414899,12.0,1.0,1.0,12.0,27.220242538412833,0.7791930895832778,0.7791930895832778,1.0
0.006666666666666666,3.5430644641906692,0.0444800662849739,0.282241548271808,0.043519217375670036,0.2486097559391837,12.0,1.0,1.0,12.0,27.220242538412833,0.3267216145567819,0.3267216145567819,1.0
0.006666666666666666,1.6871244889712418,0.0546557950970378,0.5927244886414793,0.053214453121942194,0.46544606470927585,12.0,1.0,1.0,12.0,27.220242538412833,0.6473802837385171,0.6473802837385171,1.0
0.006666666666666666,2.6288182366210435,0.0569444618178395,0.380399065279369,0.05538216228896242,0.3223726351039632,12.0,1.0,1.0,12.0,27.220242538412833,0.43734352709720853,0.43734352709720853,1.0
0.006666666666666666,3.0324119185654697,0.0490409685138664,0.3297705017836329,0.047876383478867565,0.2850063722944268,12.0,1.0,1.0,12.0,27.220242538412833,0.3788114702974993,0.3788114702974993,1.0
0.006666666666666666,0.7499999999999968,0.0,1.3333333333333333,0.0,0.8472978603872036,2.0,1.0,1.0,2.0,4.067556497417093,1.3333333333333333,1.3333333333333333,1.0
0.003668630886022185,0.02554619824007036,0.0,15.873015873015872,0.0,2.825715651950415,2.0,4.0,2.0,4.0,154.33455433455435,178.63113892609312,154.33455433455435,0.0
0.09339461450172142,0.01821184190785188,0.0,34.48275862068965,0.0,3.5690469058475753,5.0,6.0,5.0,6.0,471.5341118823487,144.9796890721272,144.9796890721272,0.0
0.004190128049463089,0.027430514920389545,3.5222389584877574,24.115896203579357,1.5090072159995802,3.2235009605621383,4.0,7.0,4.0,7.0,98.84116193348494,148.24986425339034,98.84116193348494,0.0
0.05747275297403167,0.03614635621353962,0.9300494660430464,8.898869214881667,0.6575456326624668,2.2924205298978375,3.0,7.0,3.0,7.0,83.40308777994314,148.24986425339034,83.40308777994314,0.0
0.047108506535616546,0.04703635331119263,0.6853413730717247,5.764589235643831,0.5219681385794618,1.9117015407318003,3.0,7.0,3.0,7.0,98.22204200653621,148.24986425339034,98.22204200653621,0.0
0.03464511334076552,0.028433933491987265,1.9801642675878044,19.71981912636317,1.0919784223496891,3.0310906879305537,3.0,7.0,3.0,7.0,183.90245091349746,148.24986425339034,148.24986425339034,0.0
0.040981047937569674,0.030519702746992214,2.6068198183632627,18.1308836026892,1.2828264473505055,2.9513039717576137,3.0,7.0,3.0,7.0,84.06542458504703,148.24986425339034,84.06542458504703,0.0
0.012911251673400027,0.03699181532676811,1.2079878647867714,8.428227132447498,0.7920816323792618,2.2437080760488093,3.0,7.0,3.0,7.0,129.95130704364215,148.24986425339034,129.95130704364215,0.0
0.006666666666666666,0.010103960396039599,1.9598236158745712,98.97109260166584,1.0851296773288965,4.604881070214812,6.0,1.0,1.0,6.0,430.44774911821105,100.93091621754041,100.93091621754041,1.0
0.00831692944736423,0.06320758313019942,2.009816168711556,5.845809525330243,1.1018790033779657,1.923636716952929,3.0,4.0,3.0,4.0,38.76993406669345,68.14465873141901,38.76993406669345,0.0
0.004285873546743112,0.12894117309523323,0.7952778020966708,2.2545795147535257,0.5851597743647275,1.1800630859805827,3.0,3.0,3.0,3.0,38.76993406669345,13.23189497677304,13.23189497677304,0.0
0.013288740245261983,0.0274999999999999,0.0,36.36363636363637,0.0,3.620697941697864,3.0,2.0,2.0,3.0,572.3380772582051,283.9416772678344,283.9416772678344,1.0
0.00046079524340393905,0.1352289889441231,0.5689139911715516,1.178954294957914,0.4503836546394018,0.7788450805051952,6.0,2.0,2.0,6.0,78.14661620355541,9.560368286129467,9.560368286129467,0.0
0.006666666666666666,0.0381644736842105,1.7238407171177383,26.202378900189625,1.0020429126854347,3.303304429043382,3.0,1.0,1.0,3.0,189.91017121595283,27.926219617307364,27.926219617307364,1.0
0.02530938941335908,0.011415377181326666,1.5946928496569617,56.447127762739,0.9534681472452147,4.050865007618302,5.0,4.0,4.0,5.0,794.3031951584661,128.49299169066794,128.49299169066794,0.0
0.006666666666666666,0.051656418199489906,0.5295073296696522,19.35867864740718,0.42494567679717654,3.0135072901365363,5.0,1.0,1.0,5.0,2646.9408729814463,19.888185977076834,19.888185977076834,1.0
0.03150873281308062,0.01678434759804845,1.111877070871045,47.143587804932295,0.747577159070036,3.87418795813893,6.0,2.0,2.0,6.0,2641.551768247237,192.72238195179293,192.72238195179293,0.0
0.006666666666666666,0.04732083100318962,0.4038299786716762,21.132342327897764,0.33920420045849087,3.097039992469909,6.0,1.0,1.0,6.0,2641.551768247237,21.53617230656944,21.53617230656944,1.0
0.00822742474916384,0.022035703210429886,0.3089482095857121,10.896365699619158,0.2692239212754669,2.476232950079022,6.0,3.0,3.0,6.0,2641.551768247237,181.09067744342843,181.09067744342843,0.0
0.004633965068747696,0.025409504978125164,0.0,15.974440894568689,0.0,2.83170873591079,3.0,3.0,3.0,3.0,572.3380772582051,180.64365114873556,180.64365114873556,0.0
0.013288740245261983,0.006922059434981184,4.197248626201419,144.46567663756588,1.6481293752132258,4.979940159384735,6.0,2.0,2.0,6.0,2641.551768247237,169.97800632051977,169.97800632051977,1.0
0.006666666666666666,0.048559587628866016,0.7218254541131309,20.59325560263933,0.543385038564393,3.0723810253143182,2.0,1.0,1.0,2.0,169.97800632051977,21.31508105675246,21.31508105675246,1.0
0.02604979561501287,0.01457126842695293,0.8105917319643341,36.74682518238314,0.5936537155870149,3.6309013710294122,5.0,4.0,4.0,5.0,2646.9408729814463,177.06928096434274,177.06928096434274,0.0
0.006666666666666666,0.015416233766233745,2.106061244260983,64.86668632323827,1.1333554425813512,4.187632795075344,5.0,1.0,1.0,5.0,2646.9408729814463,66.97274756749925,66.97274756749925,1.0
0.018380209162817903,0.056948722097742877,1.1218661285357598,11.642781407121117,0.752295950801019,2.5370864125434283,3.0,4.0,3.0,4.0,131.82114108165317,40.330309000077186,40.330309000077186,0.0
0.016088549132027338,0.049001777778351074,2.0923902382522552,13.50712627014626,1.1289443317693333,2.6746399956028624,3.0,4.0,3.0,4.0,131.82114108165317,39.879802856095644,39.879802856095644,0.0
0.015863951668299486,0.021349738102392775,0.0,19.23076923076923,0.0,3.007204674716228,7.0,3.0,3.0,7.0,842.6300813592259,259.62323542968704,259.62323542968704,0.0
0.017199161594784237,0.02006953138993363,0.0,19.23076923076923,0.0,3.007204674716228,7.0,4.0,4.0,7.0,842.6300813592259,257.1619780491089,257.1619780491089,0.0
0.22303902916110288,0.004781110524022469,0.0,200.0,0.0,5.303304908059076,2.0,7.0,2.0,7.0,257.5342465753425,842.6300813592259,257.5342465753425,0.0
0.008529880795068698,0.01924716430574179,0.0,25.64102564102564,0.0,3.282452344969581,5.0,3.0,3.0,5.0,666.5666041275797,254.73899476179977,254.73899476179977,0.0
0.003840446992620906,0.02054936418303241,0.0,25.64102564102564,0.0,3.282452344969581,5.0,2.0,2.0,5.0,666.5666041275797,147.59224515322074,147.59224515322074,0.0
0.006003535964376013,0.044347185834941336,0.0,11.235955056179776,0.0,2.504378753200821,2.0,5.0,2.0,5.0,30.10387958448166,160.3472498184629,30.10387958448166,0.0
0.006929214150923757,0.037164909103692835,0.0,18.867924528301884,0.0,2.9891065985818535,4.0,2.0,2.0,4.0,247.10623395204107,30.10387958448166,30.10387958448166,0.0
0.013288740245261983,0.043201607717041235,14.4391434759633,23.14728670631229,2.7369060687031626,3.1841720220811607,6.0,2.0,2.0,6.0,106.03153974135226,98.04592232254163,98.04592232254163,1.0
0.10203982939431139,0.02589022852707995,0.6920415224913499,26.29757785467129,0.5259358013624401,3.3067979749826577,3.0,6.0,3.0,6.0,133.70419382135756,106.03153974135226,106.03153974135226,0.0
0.027033984248570585,0.011888204496791246,0.0,71.42857142857143,0.0,4.28260085453587,4.0,4.0,4.0,4.0,239.06319723605728,147.89599754865526,147.89599754865526,0.0
0.018127090301003315,0.046953523264040634,0.0,15.625000000000002,0.0,2.810907586541918,4.0,4.0,4.0,4.0,98.69993122346177,100.77012498728612,98.69993122346177,0.0
0.010150448585231179,0.03142414102496842,0.0,21.27659574468085,0.0,3.103536609160478,2.0,4.0,2.0,4.0,62.887333999714414,168.15953251548453,62.887333999714414,0.0
0.055000277010673844,0.016687541949949466,0.0,50.0,0.0,3.9318256327243257,4.0,5.0,4.0,5.0,146.38573337995302,100.76770010956972,100.76770010956972,0.0
0.12369991085233213,0.01571184815425545,0.0,47.61904761904762,0.0,3.8840153804412427,3.0,4.0,3.0,4.0,153.89070776438024,146.38573337995302,146.38573337995302,0.0
0.019952070473809595,0.051440718250355844,0.0,16.94915254237288,0.0,2.887542901695687,5.0,3.0,3.0,5.0,235.97435160494086,145.67116157720068,145.67116157720068,0.0
0.014973244147157191,0.03633002056966428,0.0,26.31578947368421,0.0,3.307464903999448,2.0,3.0,2.0,3.0,37.04178894181646,35.08895277785672,35.08895277785672,0.0
0.07195755867095122,0.018857154712627985,0.0,40.98360655737704,0.0,3.737279222026214,4.0,5.0,4.0,5.0,109.17661272352383,105.67982395861503,105.67982395861503,0.0
0.023676964497380406,0.01623624224631425,0.0,50.0,0.0,3.9318256327243257,4.0,3.0,3.0,4.0,142.55996888540068,133.22147651006713,133.22147651006713,0.0
0.038397430947598184,0.039331860580241906,0.0,20.833333333333336,0.0,3.0834378539730967,2.0,5.0,2.0,5.0,38.14102564102565,339.7388315590871,38.14102564102565,0.0
0.01597697793349967,0.036999429064615896,0.0,20.833333333333336,0.0,3.0834378539730967,4.0,5.0,4.0,5.0,73.15926567461881,93.5290572851217,73.15926567461881,0.0
0.017507272920316418,0.04030434695769186,0.0,21.73913043478261,0.0,3.124087248135773,3.0,3.0,3.0,3.0,47.83785338932147,29.22440110626475,29.22440110626475,0.0
0.03099532859428598,0.1297121799616826,0.0,6.711409395973154,0.0,2.0427009719032965,3.0,2.0,2.0,3.0,38.46793751457985,18.58721423214428,18.58721423214428,0.0
0.01953920475659606,0.017588318264565278,15.767131594905996,52.75924802910855,2.8194205173715825,3.9845157085632827,2.0,3.0,2.0,3.0,78.2374899881948,105.67473576912892,78.2374899881948,0.0
0.013140096618357485,0.022808969660178202,0.0,35.714285714285715,0.0,3.6031659358399066,3.0,2.0,2.0,3.0,56.352641970597546,93.17571320285455,56.352641970597546,0.0
0.012920847268673355,0.015969082351887737,1.3140604467805526,51.24835742444154,0.8390037506345206,3.9560084534979785,3.0,4.0,3.0,4.0,183.90245091349746,118.37105162059981,118.37105162059981,0.0
0.027665965629721467,0.01122042224058073,0.0,55.55555555555556,0.0,4.035223439214303,9.0,2.0,2.0,9.0,367.4483947678269,215.5555555555556,215.5555555555556,0.0
0.2105294069219544,0.009834838060183086,0.0,71.42857142857143,0.0,4.28260085453587,9.0,2.0,2.0,9.0,367.4483947678269,231.42857142857144,231.42857142857144,0.0
0.00392022063377562,0.02571871580943008,0.618413892049671,24.860238460396776,0.4814465906517051,3.2527065945075684,3.0,2.0,2.0,3.0,98.22204200653621,51.62261322755374,51.62261322755374,0.0
0.008152362130623021,0.05133457633417868,0.659005725112237,16.557518843444953,0.5062184621440269,2.8654822822923793,3.0,3.0,3.0,3.0,35.51575422470384,26.066907398521696,26.066907398521696,0.0
0.026104552452378478,0.041411129857154255,0.9654828159348724,20.012065471290803,0.6757379229948902,3.045096818986861,3.0,4.0,3.0,4.0,49.998270882278796,31.843737423141754,31.843737423141754,0.0
0.14533332097701696,0.06449163466550764,0.0,12.004801920768308,0.0,2.5653186677787247,5.0,2.0,2.0,5.0,85.4048124205053,172.00480192076833,85.4048124205053,0.0
0.018838403142750967,0.03131529124082369,0.9433277701182782,26.92112328568318,0.6644018489723266,3.3293835093801176,5.0,3.0,3.0,5.0,85.4048124205053,38.76993406669345,38.76993406669345,0.0
0.009984737484737485,0.016591583870085358,1.5083411264291533,54.90361700202119,0.9196216288440578,4.0236290829339945,5.0,2.0,2.0,5.0,100.27333216686564,96.37961962171505,96.37961962171505,0.0
0.0030511654680452634,0.025431191993067967,0.6503472854504302,25.49361358965687,0.5009857417960808,3.2769037073311034,2.0,2.0,2.0,2.0,92.29210363879123,51.62261322755374,51.62261322755374,0.0
0.009973426970869427,0.05944952282718491,0.6600660066006604,15.621562156215626,0.5068573645903702,2.8107007775623623,3.0,2.0,2.0,3.0,67.88504800593456,20.149944187992226,20.149944187992226,0.0
0.009892793764916526,0.024893564979053345,1.2195121951219512,39.02439024390244,0.7972874398125422,3.689489024385783,3.0,2.0,2.0,3.0,105.39964696186291,44.006813145161004,44.006813145161004,0.0
0.025715347454477885,0.01387795092477398,0.0,62.50000000000001,0.0,4.151039905898646,3.0,2.0,2.0,3.0,210.40193642238427,647.1153846153845,210.40193642238427,0.0
0.012991452991452993,0.03211694818242933,0.764525993883792,25.229357798165136,0.5678820956108461,3.266879310093168,2.0,3.0,2.0,3.0,51.059718181983584,105.67473576912892,51.059718181983584,0.0
0.05733668377658148,0.03466940028008429,0.8806093891439934,25.997612154051637,0.6315958674805116,3.295748423354565,2.0,7.0,2.0,7.0,47.84526045621624,962.4852026021252,47.84526045621624,0.0
0.019685253081672516,0.021765873026598548,1.68406864877046,43.21618179536443,0.9873337958205228,3.789090826051468,3.0,3.0,3.0,3.0,98.62287652445232,105.39964696186291,98.62287652445232,0.0
0.01422652227000053,0.01277204315157121,1.7472335468840998,76.29586488060569,1.010594422386786,4.347640459733077,2.0,3.0,2.0,3.0,204.124680627737,143.15674803846252,143.15674803846252,0.0
0.01022061618549916,0.11235628129381522,0.0,3.968253968253968,0.0,1.6030684641486204,5.0,3.0,3.0,5.0,56.01694425386277,33.34638673299677,33.34638673299677,0.0
0.007320153334908402,0.10496148734714653,0.0,4.219409282700421,0.0,1.6523842312573565,4.0,3.0,3.0,4.0,99.41233049274818,31.731269865683448,31.731269865683448,0.0
0.10678998406621583,0.026333340199440156,0.5969258319653782,27.309356812416056,0.46808042605383043,3.3431923794173266,3.0,3.0,3.0,3.0,99.35535381903622,138.8876118966736,99.35535381903622,0.0
0.018689918776875293,0.14858492677012358,0.0,4.545454545454546,0.0,1.7129785913749407,3.0,3.0,3.0,3.0,22.445493195147986,26.424819915821686,22.445493195147986,0.0
0.014980186480186484,0.08333660024934669,0.0,10.20408163265306,0.0,2.416278143398904,3.0,2.0,2.0,3.0,22.85261646617812,16.486697001526487,16.486697001526487,0.0
0.006205871423262727,0.1117635374347173,0.0,7.812500000000001,0.0,2.1761711681383873,8.0,2.0,2.0,8.0,183.4635950969224,9.560368286129467,9.560368286129467,0.0
0.0026433614694484292,0.10814666635798623,0.4760089595955946,4.852295056517691,0.38934179634657445,1.7668339016608854,2.0,3.0,2.0,3.0,55.577047797518745,28.524865972523806,28.524865972523806,0.0
0.009167529175890409,0.1208293079269945,0.5752594198730002,4.668451445892425,0.4544199697447003,1.7349159668381302,6.0,2.0,2.0,6.0,78.14661620355541,21.96611889252128,21.96611889252128,0.0
0.06714259134131846,0.011942818772810171,19.00658895083628,77.29346173340089,2.99606166683988,4.360464096743935,3.0,8.0,3.0,8.0,138.8876118966736,183.4635950969224,138.8876118966736,0.0
0.02007012626105253,0.01758264291527188,0.7973464248284807,28.2235638813695,0.5863113687591084,3.3749753660778192,5.0,3.0,3.0,5.0,794.3031951584661,73.06214070314526,73.06214070314526,0.0
0.0024117428465254545,0.01582518725714216,3.143902697203332,50.99774093202489,1.4216380242769115,3.95120027402282,3.0,2.0,2.0,3.0,216.24440436584698,953.0180481236104,216.24440436584698,0.0
0.006666666666666666,0.033230120481927666,0.9064210869801672,30.09318008774156,0.6452277078932183,3.4369885053544387,3.0,1.0,1.0,3.0,180.64365114873556,30.999601174721725,30.999601174721725,1.0
0.006666666666666666,0.016015624999999978,1.951219512195123,62.43902439024392,1.0822184788924336,4.150079198744344,4.0,1.0,1.0,4.0,177.06928096434274,64.39024390243904,64.39024390243904,1.0
0.006666666666666666,0.016015624999999978,1.951219512195123,62.43902439024392,1.0822184788924336,4.150079198744344,3.0,1.0,1.0,3.0,2325.7730432279027,64.39024390243904,64.39024390243904,1.0
0.006666666666666666,0.023043478260869665,1.8867924528301887,43.39622641509434,1.0601460078403135,3.793154475175241,4.0,1.0,1.0,4.0,128.86404352955333,45.283018867924525,45.283018867924525,1.0
0.006666666666666666,0.023000000000000048,0.0,43.47826086956522,0.0,3.795000550022477,4.0,1.0,1.0,4.0,85.39279216900113,43.47826086956522,43.47826086956522,1.0
0.006666666666666666,0.014668493150684955,4.669406051550243,68.17332835263355,1.7350843594396932,4.236615359896844,4.0,1.0,1.0,4.0,257.1619780491089,72.84273440418379,72.84273440418379,1.0
0.006666666666666666,0.010540000000000022,0.0,94.87666034155596,0.0,4.563062577311195,7.0,1.0,1.0,7.0,842.6300813592259,94.87666034155596,94.87666034155596,1.0
0.006666666666666666,0.023800000000000016,0.0,42.01680672268907,0.0,3.7615908933460536,3.0,1.0,1.0,3.0,145.67116157720068,42.01680672268907,42.01680672268907,1.0
0.006666666666666666,0.03214000000000006,0.0,31.113876789047914,0.0,3.4692882354460317,5.0,1.0,1.0,5.0,235.97435160494086,31.113876789047914,31.113876789047914,1.0
0.006666666666666666,0.015399999999999914,0.0,64.93506493506493,0.0,4.188670393093711,2.0,1.0,1.0,2.0,147.53600328172456,64.93506493506493,64.93506493506493,1.0
0.006666666666666666,0.028899999999999926,0.0,34.602076124567475,0.0,3.572403954263378,4.0,1.0,1.0,4.0,98.69993122346177,34.602076124567475,34.602076124567475,1.0
0.006666666666666666,0.01952999999999948,0.0,51.20327700972862,0.0,3.955145270882289,3.0,1.0,1.0,3.0,259.62323542968704,51.20327700972862,51.20327700972862,1.0
0.006666666666666666,0.019300000000000005,0.0,51.81347150259068,0.0,3.966766300263527,9.0,1.0,1.0,9.0,367.4483947678269,51.81347150259068,51.81347150259068,1.0
0.006666666666666666,0.0192299999999999,0.0,52.00208008320333,0.0,3.970331159634877,5.0,1.0,1.0,5.0,160.3472498184629,52.00208008320333,52.00208008320333,1.0
0.006666666666666666,0.02300000000000002,0.0,43.47826086956522,0.0,3.795000550022477,4.0,1.0,1.0,4.0,100.77012498728612,43.47826086956522,43.47826086956522,1.0
0.006666666666666666,0.012399999999999939,0.0,80.64516129032256,0.0,4.402382556059978,4.0,1.0,1.0,4.0,113.99973765767939,80.64516129032256,80.64516129032256,1.0
0.006666666666666666,0.016699999999999965,0.0,59.88023952095807,0.0,4.108908647858406,3.0,1.0,1.0,3.0,143.15674803846252,59.88023952095807,59.88023952095807,1.0
0.006666666666666666,0.03120000000000002,0.0,32.05128205128205,0.0,3.4980603568095407,4.0,1.0,1.0,4.0,247.10623395204107,32.05128205128205,32.05128205128205,1.0
0.006666666666666666,0.01653999999999997,0.0,60.45949214026603,0.0,4.118378293411869,2.0,1.0,1.0,2.0,98.04592232254163,60.45949214026603,60.45949214026603,1.0
0.006666666666666666,0.03159000000000001,0.0,31.65558721114277,0.0,3.4860159654664913,2.0,1.0,1.0,2.0,201.06507414241094,31.65558721114277,31.65558721114277,1.0
0.006666666666666666,0.05347000000000002,0.0,18.702075930428283,0.0,2.9807240073712586,4.0,1.0,1.0,4.0,42.853981312081615,18.702075930428283,18.702075930428283,1.0
0.006666666666666666,0.18180999999999997,0.0,5.500247511138,0.0,1.871840254813234,5.0,1.0,1.0,5.0,100.76770010956972,5.500247511138,5.500247511138,1.0
0.006666666666666666,0.19606999999999977,0.0,5.100219309430305,0.0,1.8083247228986186,4.0,1.0,1.0,4.0,38.90784455744975,5.100219309430305,5.100219309430305,1.0
0.006666666666666666,0.06896000000000002,0.0,14.501160092807428,0.0,2.74091486582173,4.0,1.0,1.0,4.0,47.66145196161796,14.501160092807428,14.501160092807428,1.0
